INFO: [environment.cc:36] Creating LiteRT environment with options
WARNING: [npu_registry.cc:34] NPU accelerator could not be loaded and registered: kLiteRtStatusErrorInvalidArgument.
INFO: [accelerator_registry.cc:54] RegisterAccelerator: ptr=0x103bc0170, name=GPU WebGPU
INFO: [gpu_registry.cc:87] Statically linked GPU accelerator registered.
INFO: [accelerator_registry.cc:54] RegisterAccelerator: ptr=0x103bc0220, name=CpuAccelerator
INFO: [cpu_registry.cc:75] XNNPACK CPU accelerator registered.
INFO: [environment.cc:36] Creating LiteRT environment with options
WARNING: [npu_registry.cc:34] NPU accelerator could not be loaded and registered: kLiteRtStatusErrorInvalidArgument.
INFO: [accelerator_registry.cc:54] RegisterAccelerator: ptr=0x103bc3820, name=GPU WebGPU
INFO: [gpu_registry.cc:87] Statically linked GPU accelerator registered.
INFO: [accelerator_registry.cc:54] RegisterAccelerator: ptr=0x103bc6dc0, name=CpuAccelerator
INFO: [cpu_registry.cc:75] XNNPACK CPU accelerator registered.
W0000 00:00:1785804658.453776 58267451 litert_lm_loader.cc:291] Section not found: 	
W0000 00:00:1785804658.454057 58267451 litert_lm_loader.cc:291] Section not found: 	
INFO: [magic_number_utils.cc:101] Loaded: num_subgraphs=976, num_signatures=4
INFO: [magic_number_utils.cc:109]   signature=decode, subgraph_index=0, num_tensors=2703, num_inputs=35, num_outputs=32, num_ops=2068
INFO: [magic_number_utils.cc:109]   signature=prefill_1024, subgraph_index=1, num_tensors=1454, num_inputs=35, num_outputs=30, num_ops=1107
INFO: [magic_number_utils.cc:109]   signature=prefill_128, subgraph_index=2, num_tensors=1454, num_inputs=35, num_outputs=30, num_ops=1107
INFO: [magic_number_utils.cc:109]   signature=verify, subgraph_index=3, num_tensors=2887, num_inputs=35, num_outputs=32, num_ops=2243
INFO: [magic_number_utils.cc:113] Magic number configs: num_configs=1
INFO: [magic_number_utils.cc:120]   config[0]: magic_number=32003, target_number=4096, signature_prefix=null
INFO: [magic_number_utils.cc:536] 439 tensors of signature decode have been updated for magic number  32003 to target number 4096
INFO: [magic_number_utils.cc:536] 271 tensors of signature prefill_1024 have been updated for magic number  32003 to target number 4096
INFO: [magic_number_utils.cc:536] 270 tensors of signature prefill_128 have been updated for magic number  32003 to target number 4096
INFO: [magic_number_utils.cc:536] 444 tensors of signature verify have been updated for magic number  32003 to target number 4096
INFO: [compiled_model.cc:813] Flatbuffer model initialized directly from incoming litert model.
I0000 00:00:1785804658.489784 58267451 delegate_webgpu.cc:262] Create WebGPU environment (use_low_power=false, enable_host_mapped_pointer=true)
I0000 00:00:1785804658.507832 58267451 environment.cc:525] Selected adapter: Apple M4 Max, arch=metal-3, vendor=apple, backend=Metal, adapterType=Integrated GPU
I0000 00:00:1785804658.510284 58267451 delegate_webgpu.cc:290] Created a WebGPU environment.
INFO: [environment.cc:47] Adding options to the existing LiteRT environment
INFO: [gpu_environment.cc:367] Failed to create OpenCL context.
INFO: [gpu_environment.cc:384] Created default Metal device.
INFO: [gpu_environment.h:155] Created LiteRT GpuEnvironment.
INFO: [environment.cc:47] Adding options to the existing LiteRT environment
I0000 00:00:1785804658.531753 58267451 delegate_webgpu.cc:680] # of threads to upload weights = 2
I0000 00:00:1785804658.531790 58267451 delegate_webgpu.cc:688] # of threads to compile kernels = 1
I0000 00:00:1785804658.557666 58267451 delegate_kernel.cc:310] Total 32 external tensors are used for delegate inputs and outputs
I0000 00:00:1785804658.557697 58267451 delegate_kernel.cc:862] Initializing WebGPU-based API from serialized data.
I0000 00:00:1785804658.581945 58267451 delegate_kernel.cc:760] Initialized InferenceContext from serialized data.
I0000 00:00:1785804658.588991 58267451 delegate_kernel.cc:310] Total 31 external tensors are used for delegate inputs and outputs
I0000 00:00:1785804658.589016 58267451 delegate_kernel.cc:862] Initializing WebGPU-based API from serialized data.
I0000 00:00:1785804658.602489 58267451 delegate_kernel.cc:760] Initialized InferenceContext from serialized data.
I0000 00:00:1785804658.607452 58267451 delegate_kernel.cc:310] Total 31 external tensors are used for delegate inputs and outputs
I0000 00:00:1785804658.607467 58267451 delegate_kernel.cc:862] Initializing WebGPU-based API from serialized data.
I0000 00:00:1785804658.620060 58267451 delegate_kernel.cc:760] Initialized InferenceContext from serialized data.
I0000 00:00:1785804658.630077 58267451 delegate_kernel.cc:310] Total 32 external tensors are used for delegate inputs and outputs
I0000 00:00:1785804658.630096 58267451 delegate_kernel.cc:862] Initializing WebGPU-based API from serialized data.
I0000 00:00:1785804658.654578 58267451 delegate_kernel.cc:760] Initialized InferenceContext from serialized data.
INFO: [environment.cc:36] Creating LiteRT environment with options
WARNING: [npu_registry.cc:34] NPU accelerator could not be loaded and registered: kLiteRtStatusErrorInvalidArgument.
INFO: [accelerator_registry.cc:54] RegisterAccelerator: ptr=0x7565cf8a50, name=GPU WebGPU
INFO: [gpu_registry.cc:87] Statically linked GPU accelerator registered.
INFO: [accelerator_registry.cc:54] RegisterAccelerator: ptr=0x7565cf8a00, name=CpuAccelerator
INFO: [cpu_registry.cc:75] XNNPACK CPU accelerator registered.
INFO: [magic_number_utils.cc:101] Loaded: num_subgraphs=1, num_signatures=1
INFO: [magic_number_utils.cc:109]   signature=embedder, subgraph_index=0, num_tensors=16, num_inputs=1, num_outputs=1, num_ops=8
INFO: [magic_number_utils.cc:113] Magic number configs: num_configs=1
INFO: [magic_number_utils.cc:120]   config[0]: magic_number=32003, target_number=4096, signature_prefix=null
INFO: [compiled_model.cc:813] Flatbuffer model initialized directly from incoming litert model.
INFO: Created TensorFlow Lite XNNPACK delegate for CPU.
INFO: [magic_number_utils.cc:101] Loaded: num_subgraphs=1, num_signatures=1
INFO: [magic_number_utils.cc:109]   signature=eoa, subgraph_index=0, num_tensors=1, num_inputs=0, num_outputs=1, num_ops=0
INFO: [magic_number_utils.cc:113] Magic number configs: num_configs=1
INFO: [magic_number_utils.cc:120]   config[0]: magic_number=32003, target_number=4096, signature_prefix=null
INFO: [compiled_model.cc:813] Flatbuffer model initialized directly from incoming litert model.
INFO: [compiled_model.cc:1664] Tracked constant output tensor eoa_embedding with locked address
INFO: [magic_number_utils.cc:101] Loaded: num_subgraphs=1, num_signatures=1
INFO: [magic_number_utils.cc:109]   signature=eoi, subgraph_index=0, num_tensors=1, num_inputs=0, num_outputs=1, num_ops=0
INFO: [magic_number_utils.cc:113] Magic number configs: num_configs=1
INFO: [magic_number_utils.cc:120]   config[0]: magic_number=32003, target_number=4096, signature_prefix=null
INFO: [compiled_model.cc:813] Flatbuffer model initialized directly from incoming litert model.
INFO: [compiled_model.cc:1664] Tracked constant output tensor eoi_embedding with locked address
INFO: [magic_number_utils.cc:101] Loaded: num_subgraphs=1, num_signatures=1
INFO: [magic_number_utils.cc:109]   signature=per_layer_embedder, subgraph_index=0, num_tensors=83, num_inputs=1, num_outputs=1, num_ops=42
INFO: [magic_number_utils.cc:113] Magic number configs: num_configs=1
INFO: [magic_number_utils.cc:120]   config[0]: magic_number=32003, target_number=4096, signature_prefix=null
INFO: [compiled_model.cc:813] Flatbuffer model initialized directly from incoming litert model.
engine loaded (backend=gpu)
=== arm: litert-gemma4-e2b-pip015gpu-off ===
W0000 00:00:1785804658.817366 58267451 mel_filterbank.cc:137] Missing 10 bands  starting at 0 in mel-frequency design. Perhaps too many channels or not enough frequency resolution in spectrum. (fft_length: 257 sample_rate: 16000 mel_channel_count: 128 lower_frequency_limit: 0 upper_frequency_limit: 8000
W0000 00:00:1785804659.039924 58267496 tasks.cc:490] Failed to get prefill profile summary: INVALID_ARGUMENT: ERROR: [third_party/odml/litert_lm/runtime/executor/llm_litert_compiled_model_executor.cc:1704]
└ ERROR: [./third_party/odml/litert/litert/cc/litert_profiler.h:91]
=== Source Location Trace: ===
./third_party/odml/litert/litert/cc/litert_macros.h:547
W0000 00:00:1785804659.043700 58267496 sampler_factory.cc:486] WebGPU sampler not available, falling back to statically linked C API: UNAVAILABLE: ERROR: [third_party/odml/litert_lm/runtime/components/sampler_factory.cc:319]
└ Could not load shared library libLiteRtTopKWebGpuSampler.dylib: dlopen(libLiteRtTopKWebGpuSampler.dylib, 0x0005): tried: 'libLiteRtTopKWebGpuSampler.dylib' (no such file), '/System/Volumes/Preboot/Cryptexes/OSlibLiteRtTopKWebGpuSampler.dylib' (no such file), '/opt/homebrew/lib/libLiteRtTopKWebGpuSampler.dylib' (no such file), '/System/Volumes/Preboot/Cryptexes/OS/opt/homebrew/lib/libLiteRtTopKWebGpuSampler.dylib' (no such file), '/usr/lib/libLiteRtTopKWebGpuSampler.dylib' (no such file, not in dyld cache), 'libLiteRtTopKWebGpuSampler.dylib' (no such file).
=== Source Location Trace: ===
./third_party/odml/litert/litert/cc/litert_macros.h:573
W0000 00:00:1785804661.001775 58267496 tasks.cc:672] Failed to get decode profile summary: INVALID_ARGUMENT: ERROR: [third_party/odml/litert_lm/runtime/executor/llm_litert_compiled_model_executor.cc:1704]
└ ERROR: [./third_party/odml/litert/litert/cc/litert_profiler.h:91]
=== Source Location Trace: ===
./third_party/odml/litert/litert/cc/litert_macros.h:547
  q 1/100 OK pred=18 gold=18 gen=262 (2s)
W0000 00:00:1785804661.002693 58267451 mel_filterbank.cc:137] Missing 10 bands  starting at 0 in mel-frequency design. Perhaps too many channels or not enough frequency resolution in spectrum. (fft_length: 257 sample_rate: 16000 mel_channel_count: 128 lower_frequency_limit: 0 upper_frequency_limit: 8000
W0000 00:00:1785804661.040269 58267496 tasks.cc:490] Failed to get prefill profile summary: INVALID_ARGUMENT: ERROR: [third_party/odml/litert_lm/runtime/executor/llm_litert_compiled_model_executor.cc:1704]
└ ERROR: [./third_party/odml/litert/litert/cc/litert_profiler.h:91]
=== Source Location Trace: ===
./third_party/odml/litert/litert/cc/litert_macros.h:547
W0000 00:00:1785804662.341366 58267496 tasks.cc:672] Failed to get decode profile summary: INVALID_ARGUMENT: ERROR: [third_party/odml/litert_lm/runtime/executor/llm_litert_compiled_model_executor.cc:1704]
└ ERROR: [./third_party/odml/litert/litert/cc/litert_profiler.h:91]
=== Source Location Trace: ===
./third_party/odml/litert/litert/cc/litert_macros.h:547
  q 2/100 OK pred=3 gold=3 gen=198 (1s)
W0000 00:00:1785804662.342175 58267451 mel_filterbank.cc:137] Missing 10 bands  starting at 0 in mel-frequency design. Perhaps too many channels or not enough frequency resolution in spectrum. (fft_length: 257 sample_rate: 16000 mel_channel_count: 128 lower_frequency_limit: 0 upper_frequency_limit: 8000
W0000 00:00:1785804662.386212 58267496 tasks.cc:490] Failed to get prefill profile summary: INVALID_ARGUMENT: ERROR: [third_party/odml/litert_lm/runtime/executor/llm_litert_compiled_model_executor.cc:1704]
└ ERROR: [./third_party/odml/litert/litert/cc/litert_profiler.h:91]
=== Source Location Trace: ===
./third_party/odml/litert/litert/cc/litert_macros.h:547
W0000 00:00:1785804666.463274 58267496 tasks.cc:672] Failed to get decode profile summary: INVALID_ARGUMENT: ERROR: [third_party/odml/litert_lm/runtime/executor/llm_litert_compiled_model_executor.cc:1704]
└ ERROR: [./third_party/odml/litert/litert/cc/litert_profiler.h:91]
=== Source Location Trace: ===
./third_party/odml/litert/litert/cc/litert_macros.h:547
  q 3/100 OK pred=70000 gold=70000 gen=604 (4s)
W0000 00:00:1785804666.464167 58267451 mel_filterbank.cc:137] Missing 10 bands  starting at 0 in mel-frequency design. Perhaps too many channels or not enough frequency resolution in spectrum. (fft_length: 257 sample_rate: 16000 mel_channel_count: 128 lower_frequency_limit: 0 upper_frequency_limit: 8000
W0000 00:00:1785804666.493379 58267496 tasks.cc:490] Failed to get prefill profile summary: INVALID_ARGUMENT: ERROR: [third_party/odml/litert_lm/runtime/executor/llm_litert_compiled_model_executor.cc:1704]
└ ERROR: [./third_party/odml/litert/litert/cc/litert_profiler.h:91]
=== Source Location Trace: ===
./third_party/odml/litert/litert/cc/litert_macros.h:547
W0000 00:00:1785804668.089411 58267496 tasks.cc:672] Failed to get decode profile summary: INVALID_ARGUMENT: ERROR: [third_party/odml/litert_lm/runtime/executor/llm_litert_compiled_model_executor.cc:1704]
└ ERROR: [./third_party/odml/litert/litert/cc/litert_profiler.h:91]
=== Source Location Trace: ===
./third_party/odml/litert/litert/cc/litert_macros.h:547
  q 4/100 OK pred=540 gold=540 gen=243 (2s)
W0000 00:00:1785804668.090268 58267451 mel_filterbank.cc:137] Missing 10 bands  starting at 0 in mel-frequency design. Perhaps too many channels or not enough frequency resolution in spectrum. (fft_length: 257 sample_rate: 16000 mel_channel_count: 128 lower_frequency_limit: 0 upper_frequency_limit: 8000
W0000 00:00:1785804668.170251 58267496 tasks.cc:490] Failed to get prefill profile summary: INVALID_ARGUMENT: ERROR: [third_party/odml/litert_lm/runtime/executor/llm_litert_compiled_model_executor.cc:1704]
└ ERROR: [./third_party/odml/litert/litert/cc/litert_profiler.h:91]
=== Source Location Trace: ===
./third_party/odml/litert/litert/cc/litert_macros.h:547
W0000 00:00:1785804671.232763 58267496 tasks.cc:672] Failed to get decode profile summary: INVALID_ARGUMENT: ERROR: [third_party/odml/litert_lm/runtime/executor/llm_litert_compiled_model_executor.cc:1704]
└ ERROR: [./third_party/odml/litert/litert/cc/litert_profiler.h:91]
=== Source Location Trace: ===
./third_party/odml/litert/litert/cc/litert_macros.h:547
  q 5/100 OK pred=20 gold=20 gen=467 (3s)
W0000 00:00:1785804671.233660 58267451 mel_filterbank.cc:137] Missing 10 bands  starting at 0 in mel-frequency design. Perhaps too many channels or not enough frequency resolution in spectrum. (fft_length: 257 sample_rate: 16000 mel_channel_count: 128 lower_frequency_limit: 0 upper_frequency_limit: 8000
W0000 00:00:1785804671.257703 58267496 tasks.cc:490] Failed to get prefill profile summary: INVALID_ARGUMENT: ERROR: [third_party/odml/litert_lm/runtime/executor/llm_litert_compiled_model_executor.cc:1704]
└ ERROR: [./third_party/odml/litert/litert/cc/litert_profiler.h:91]
=== Source Location Trace: ===
./third_party/odml/litert/litert/cc/litert_macros.h:547
W0000 00:00:1785804674.421902 58267496 tasks.cc:672] Failed to get decode profile summary: INVALID_ARGUMENT: ERROR: [third_party/odml/litert_lm/runtime/executor/llm_litert_compiled_model_executor.cc:1704]
└ ERROR: [./third_party/odml/litert/litert/cc/litert_profiler.h:91]
=== Source Location Trace: ===
./third_party/odml/litert/litert/cc/litert_macros.h:547
  q 6/100 OK pred=64 gold=64 gen=481 (3s)
W0000 00:00:1785804674.422783 58267451 mel_filterbank.cc:137] Missing 10 bands  starting at 0 in mel-frequency design. Perhaps too many channels or not enough frequency resolution in spectrum. (fft_length: 257 sample_rate: 16000 mel_channel_count: 128 lower_frequency_limit: 0 upper_frequency_limit: 8000
W0000 00:00:1785804674.452263 58267496 tasks.cc:490] Failed to get prefill profile summary: INVALID_ARGUMENT: ERROR: [third_party/odml/litert_lm/runtime/executor/llm_litert_compiled_model_executor.cc:1704]
└ ERROR: [./third_party/odml/litert/litert/cc/litert_profiler.h:91]
=== Source Location Trace: ===
./third_party/odml/litert/litert/cc/litert_macros.h:547
W0000 00:00:1785804675.994445 58267496 tasks.cc:672] Failed to get decode profile summary: INVALID_ARGUMENT: ERROR: [third_party/odml/litert_lm/runtime/executor/llm_litert_compiled_model_executor.cc:1704]
└ ERROR: [./third_party/odml/litert/litert/cc/litert_profiler.h:91]
=== Source Location Trace: ===
./third_party/odml/litert/litert/cc/litert_macros.h:547
  q 7/100 .. pred=240 gold=260 gen=238 (2s)
W0000 00:00:1785804675.995253 58267451 mel_filterbank.cc:137] Missing 10 bands  starting at 0 in mel-frequency design. Perhaps too many channels or not enough frequency resolution in spectrum. (fft_length: 257 sample_rate: 16000 mel_channel_count: 128 lower_frequency_limit: 0 upper_frequency_limit: 8000
W0000 00:00:1785804676.039368 58267496 tasks.cc:490] Failed to get prefill profile summary: INVALID_ARGUMENT: ERROR: [third_party/odml/litert_lm/runtime/executor/llm_litert_compiled_model_executor.cc:1704]
└ ERROR: [./third_party/odml/litert/litert/cc/litert_profiler.h:91]
=== Source Location Trace: ===
./third_party/odml/litert/litert/cc/litert_macros.h:547
W0000 00:00:1785804679.372231 58267496 tasks.cc:672] Failed to get decode profile summary: INVALID_ARGUMENT: ERROR: [third_party/odml/litert_lm/runtime/executor/llm_litert_compiled_model_executor.cc:1704]
└ ERROR: [./third_party/odml/litert/litert/cc/litert_profiler.h:91]
=== Source Location Trace: ===
./third_party/odml/litert/litert/cc/litert_macros.h:547
  q 8/100 OK pred=160 gold=160 gen=510 (3s)
W0000 00:00:1785804679.373065 58267451 mel_filterbank.cc:137] Missing 10 bands  starting at 0 in mel-frequency design. Perhaps too many channels or not enough frequency resolution in spectrum. (fft_length: 257 sample_rate: 16000 mel_channel_count: 128 lower_frequency_limit: 0 upper_frequency_limit: 8000
W0000 00:00:1785804679.446421 58267496 tasks.cc:490] Failed to get prefill profile summary: INVALID_ARGUMENT: ERROR: [third_party/odml/litert_lm/runtime/executor/llm_litert_compiled_model_executor.cc:1704]
└ ERROR: [./third_party/odml/litert/litert/cc/litert_profiler.h:91]
=== Source Location Trace: ===
./third_party/odml/litert/litert/cc/litert_macros.h:547
W0000 00:00:1785804683.515081 58267496 tasks.cc:672] Failed to get decode profile summary: INVALID_ARGUMENT: ERROR: [third_party/odml/litert_lm/runtime/executor/llm_litert_compiled_model_executor.cc:1704]
└ ERROR: [./third_party/odml/litert/litert/cc/litert_profiler.h:91]
=== Source Location Trace: ===
./third_party/odml/litert/litert/cc/litert_macros.h:547
  q 9/100 .. pred=315 gold=45 gen=631 (4s)
W0000 00:00:1785804683.516004 58267451 mel_filterbank.cc:137] Missing 10 bands  starting at 0 in mel-frequency design. Perhaps too many channels or not enough frequency resolution in spectrum. (fft_length: 257 sample_rate: 16000 mel_channel_count: 128 lower_frequency_limit: 0 upper_frequency_limit: 8000
W0000 00:00:1785804683.560393 58267496 tasks.cc:490] Failed to get prefill profile summary: INVALID_ARGUMENT: ERROR: [third_party/odml/litert_lm/runtime/executor/llm_litert_compiled_model_executor.cc:1704]
└ ERROR: [./third_party/odml/litert/litert/cc/litert_profiler.h:91]
=== Source Location Trace: ===
./third_party/odml/litert/litert/cc/litert_macros.h:547
W0000 00:00:1785804685.527810 58267496 tasks.cc:672] Failed to get decode profile summary: INVALID_ARGUMENT: ERROR: [third_party/odml/litert_lm/runtime/executor/llm_litert_compiled_model_executor.cc:1704]
└ ERROR: [./third_party/odml/litert/litert/cc/litert_profiler.h:91]
=== Source Location Trace: ===
./third_party/odml/litert/litert/cc/litert_macros.h:547
  q 10/100 OK pred=460 gold=460 gen=303 (2s)
W0000 00:00:1785804685.528644 58267451 mel_filterbank.cc:137] Missing 10 bands  starting at 0 in mel-frequency design. Perhaps too many channels or not enough frequency resolution in spectrum. (fft_length: 257 sample_rate: 16000 mel_channel_count: 128 lower_frequency_limit: 0 upper_frequency_limit: 8000
W0000 00:00:1785804685.558097 58267496 tasks.cc:490] Failed to get prefill profile summary: INVALID_ARGUMENT: ERROR: [third_party/odml/litert_lm/runtime/executor/llm_litert_compiled_model_executor.cc:1704]
└ ERROR: [./third_party/odml/litert/litert/cc/litert_profiler.h:91]
=== Source Location Trace: ===
./third_party/odml/litert/litert/cc/litert_macros.h:547
W0000 00:00:1785804687.869509 58267496 tasks.cc:672] Failed to get decode profile summary: INVALID_ARGUMENT: ERROR: [third_party/odml/litert_lm/runtime/executor/llm_litert_compiled_model_executor.cc:1704]
└ ERROR: [./third_party/odml/litert/litert/cc/litert_profiler.h:91]
=== Source Location Trace: ===
./third_party/odml/litert/litert/cc/litert_macros.h:547
  q 11/100 OK pred=366 gold=366 gen=348 (2s)
W0000 00:00:1785804687.870407 58267451 mel_filterbank.cc:137] Missing 10 bands  starting at 0 in mel-frequency design. Perhaps too many channels or not enough frequency resolution in spectrum. (fft_length: 257 sample_rate: 16000 mel_channel_count: 128 lower_frequency_limit: 0 upper_frequency_limit: 8000
W0000 00:00:1785804688.052469 58267496 tasks.cc:490] Failed to get prefill profile summary: INVALID_ARGUMENT: ERROR: [third_party/odml/litert_lm/runtime/executor/llm_litert_compiled_model_executor.cc:1704]
└ ERROR: [./third_party/odml/litert/litert/cc/litert_profiler.h:91]
=== Source Location Trace: ===
./third_party/odml/litert/litert/cc/litert_macros.h:547
W0000 00:00:1785804690.204011 58267496 tasks.cc:672] Failed to get decode profile summary: INVALID_ARGUMENT: ERROR: [third_party/odml/litert_lm/runtime/executor/llm_litert_compiled_model_executor.cc:1704]
└ ERROR: [./third_party/odml/litert/litert/cc/litert_profiler.h:91]
=== Source Location Trace: ===
./third_party/odml/litert/litert/cc/litert_macros.h:547
  q 12/100 OK pred=694 gold=694 gen=332 (2s)
W0000 00:00:1785804690.204878 58267451 mel_filterbank.cc:137] Missing 10 bands  starting at 0 in mel-frequency design. Perhaps too many channels or not enough frequency resolution in spectrum. (fft_length: 257 sample_rate: 16000 mel_channel_count: 128 lower_frequency_limit: 0 upper_frequency_limit: 8000
W0000 00:00:1785804690.244200 58267496 tasks.cc:490] Failed to get prefill profile summary: INVALID_ARGUMENT: ERROR: [third_party/odml/litert_lm/runtime/executor/llm_litert_compiled_model_executor.cc:1704]
└ ERROR: [./third_party/odml/litert/litert/cc/litert_profiler.h:91]
=== Source Location Trace: ===
./third_party/odml/litert/litert/cc/litert_macros.h:547
W0000 00:00:1785804693.043794 58267496 tasks.cc:672] Failed to get decode profile summary: INVALID_ARGUMENT: ERROR: [third_party/odml/litert_lm/runtime/executor/llm_litert_compiled_model_executor.cc:1704]
└ ERROR: [./third_party/odml/litert/litert/cc/litert_profiler.h:91]
=== Source Location Trace: ===
./third_party/odml/litert/litert/cc/litert_macros.h:547
  q 13/100 .. pred=12 gold=13 gen=423 (3s)
W0000 00:00:1785804693.044667 58267451 mel_filterbank.cc:137] Missing 10 bands  starting at 0 in mel-frequency design. Perhaps too many channels or not enough frequency resolution in spectrum. (fft_length: 257 sample_rate: 16000 mel_channel_count: 128 lower_frequency_limit: 0 upper_frequency_limit: 8000
W0000 00:00:1785804693.073502 58267496 tasks.cc:490] Failed to get prefill profile summary: INVALID_ARGUMENT: ERROR: [third_party/odml/litert_lm/runtime/executor/llm_litert_compiled_model_executor.cc:1704]
└ ERROR: [./third_party/odml/litert/litert/cc/litert_profiler.h:91]
=== Source Location Trace: ===
./third_party/odml/litert/litert/cc/litert_macros.h:547
W0000 00:00:1785804698.327991 58267496 tasks.cc:672] Failed to get decode profile summary: INVALID_ARGUMENT: ERROR: [third_party/odml/litert_lm/runtime/executor/llm_litert_compiled_model_executor.cc:1704]
└ ERROR: [./third_party/odml/litert/litert/cc/litert_profiler.h:91]
=== Source Location Trace: ===
./third_party/odml/litert/litert/cc/litert_macros.h:547
  q 14/100 OK pred=18 gold=18 gen=813 (5s)
W0000 00:00:1785804698.328883 58267451 mel_filterbank.cc:137] Missing 10 bands  starting at 0 in mel-frequency design. Perhaps too many channels or not enough frequency resolution in spectrum. (fft_length: 257 sample_rate: 16000 mel_channel_count: 128 lower_frequency_limit: 0 upper_frequency_limit: 8000
W0000 00:00:1785804698.363144 58267496 tasks.cc:490] Failed to get prefill profile summary: INVALID_ARGUMENT: ERROR: [third_party/odml/litert_lm/runtime/executor/llm_litert_compiled_model_executor.cc:1704]
└ ERROR: [./third_party/odml/litert/litert/cc/litert_profiler.h:91]
=== Source Location Trace: ===
./third_party/odml/litert/litert/cc/litert_macros.h:547
W0000 00:00:1785804702.315703 58267496 tasks.cc:672] Failed to get decode profile summary: INVALID_ARGUMENT: ERROR: [third_party/odml/litert_lm/runtime/executor/llm_litert_compiled_model_executor.cc:1704]
└ ERROR: [./third_party/odml/litert/litert/cc/litert_profiler.h:91]
=== Source Location Trace: ===
./third_party/odml/litert/litert/cc/litert_macros.h:547
  q 15/100 OK pred=60 gold=60 gen=606 (4s)
W0000 00:00:1785804702.316573 58267451 mel_filterbank.cc:137] Missing 10 bands  starting at 0 in mel-frequency design. Perhaps too many channels or not enough frequency resolution in spectrum. (fft_length: 257 sample_rate: 16000 mel_channel_count: 128 lower_frequency_limit: 0 upper_frequency_limit: 8000
W0000 00:00:1785804702.366138 58267496 tasks.cc:490] Failed to get prefill profile summary: INVALID_ARGUMENT: ERROR: [third_party/odml/litert_lm/runtime/executor/llm_litert_compiled_model_executor.cc:1704]
└ ERROR: [./third_party/odml/litert/litert/cc/litert_profiler.h:91]
=== Source Location Trace: ===
./third_party/odml/litert/litert/cc/litert_macros.h:547
W0000 00:00:1785804706.392929 58267496 tasks.cc:672] Failed to get decode profile summary: INVALID_ARGUMENT: ERROR: [third_party/odml/litert_lm/runtime/executor/llm_litert_compiled_model_executor.cc:1704]
└ ERROR: [./third_party/odml/litert/litert/cc/litert_profiler.h:91]
=== Source Location Trace: ===
./third_party/odml/litert/litert/cc/litert_macros.h:547
  q 16/100 OK pred=125 gold=125 gen=614 (4s)
W0000 00:00:1785804706.393777 58267451 mel_filterbank.cc:137] Missing 10 bands  starting at 0 in mel-frequency design. Perhaps too many channels or not enough frequency resolution in spectrum. (fft_length: 257 sample_rate: 16000 mel_channel_count: 128 lower_frequency_limit: 0 upper_frequency_limit: 8000
W0000 00:00:1785804706.423009 58267496 tasks.cc:490] Failed to get prefill profile summary: INVALID_ARGUMENT: ERROR: [third_party/odml/litert_lm/runtime/executor/llm_litert_compiled_model_executor.cc:1704]
└ ERROR: [./third_party/odml/litert/litert/cc/litert_profiler.h:91]
=== Source Location Trace: ===
./third_party/odml/litert/litert/cc/litert_macros.h:547
W0000 00:00:1785804707.701972 58267496 tasks.cc:672] Failed to get decode profile summary: INVALID_ARGUMENT: ERROR: [third_party/odml/litert_lm/runtime/executor/llm_litert_compiled_model_executor.cc:1704]
└ ERROR: [./third_party/odml/litert/litert/cc/litert_profiler.h:91]
=== Source Location Trace: ===
./third_party/odml/litert/litert/cc/litert_macros.h:547
  q 17/100 OK pred=230 gold=230 gen=199 (1s)
W0000 00:00:1785804707.702774 58267451 mel_filterbank.cc:137] Missing 10 bands  starting at 0 in mel-frequency design. Perhaps too many channels or not enough frequency resolution in spectrum. (fft_length: 257 sample_rate: 16000 mel_channel_count: 128 lower_frequency_limit: 0 upper_frequency_limit: 8000
W0000 00:00:1785804707.731070 58267496 tasks.cc:490] Failed to get prefill profile summary: INVALID_ARGUMENT: ERROR: [third_party/odml/litert_lm/runtime/executor/llm_litert_compiled_model_executor.cc:1704]
└ ERROR: [./third_party/odml/litert/litert/cc/litert_profiler.h:91]
=== Source Location Trace: ===
./third_party/odml/litert/litert/cc/litert_macros.h:547
W0000 00:00:1785804709.881593 58267496 tasks.cc:672] Failed to get decode profile summary: INVALID_ARGUMENT: ERROR: [third_party/odml/litert_lm/runtime/executor/llm_litert_compiled_model_executor.cc:1704]
└ ERROR: [./third_party/odml/litert/litert/cc/litert_profiler.h:91]
=== Source Location Trace: ===
./third_party/odml/litert/litert/cc/litert_macros.h:547
  q 18/100 OK pred=57500 gold=57500 gen=334 (2s)
W0000 00:00:1785804709.882420 58267451 mel_filterbank.cc:137] Missing 10 bands  starting at 0 in mel-frequency design. Perhaps too many channels or not enough frequency resolution in spectrum. (fft_length: 257 sample_rate: 16000 mel_channel_count: 128 lower_frequency_limit: 0 upper_frequency_limit: 8000
W0000 00:00:1785804709.916198 58267496 tasks.cc:490] Failed to get prefill profile summary: INVALID_ARGUMENT: ERROR: [third_party/odml/litert_lm/runtime/executor/llm_litert_compiled_model_executor.cc:1704]
└ ERROR: [./third_party/odml/litert/litert/cc/litert_profiler.h:91]
=== Source Location Trace: ===
./third_party/odml/litert/litert/cc/litert_macros.h:547
W0000 00:00:1785804712.753053 58267496 tasks.cc:672] Failed to get decode profile summary: INVALID_ARGUMENT: ERROR: [third_party/odml/litert_lm/runtime/executor/llm_litert_compiled_model_executor.cc:1704]
└ ERROR: [./third_party/odml/litert/litert/cc/litert_profiler.h:91]
=== Source Location Trace: ===
./third_party/odml/litert/litert/cc/litert_macros.h:547
  q 19/100 .. pred=21 gold=7 gen=440 (3s)
W0000 00:00:1785804712.753914 58267451 mel_filterbank.cc:137] Missing 10 bands  starting at 0 in mel-frequency design. Perhaps too many channels or not enough frequency resolution in spectrum. (fft_length: 257 sample_rate: 16000 mel_channel_count: 128 lower_frequency_limit: 0 upper_frequency_limit: 8000
W0000 00:00:1785804712.778453 58267496 tasks.cc:490] Failed to get prefill profile summary: INVALID_ARGUMENT: ERROR: [third_party/odml/litert_lm/runtime/executor/llm_litert_compiled_model_executor.cc:1704]
└ ERROR: [./third_party/odml/litert/litert/cc/litert_profiler.h:91]
=== Source Location Trace: ===
./third_party/odml/litert/litert/cc/litert_macros.h:547
W0000 00:00:1785804716.007491 58267496 tasks.cc:672] Failed to get decode profile summary: INVALID_ARGUMENT: ERROR: [third_party/odml/litert_lm/runtime/executor/llm_litert_compiled_model_executor.cc:1704]
└ ERROR: [./third_party/odml/litert/litert/cc/litert_profiler.h:91]
=== Source Location Trace: ===
./third_party/odml/litert/litert/cc/litert_macros.h:547
  q 20/100 OK pred=6 gold=6 gen=503 (3s)
W0000 00:00:1785804716.008314 58267451 mel_filterbank.cc:137] Missing 10 bands  starting at 0 in mel-frequency design. Perhaps too many channels or not enough frequency resolution in spectrum. (fft_length: 257 sample_rate: 16000 mel_channel_count: 128 lower_frequency_limit: 0 upper_frequency_limit: 8000
W0000 00:00:1785804716.053842 58267496 tasks.cc:490] Failed to get prefill profile summary: INVALID_ARGUMENT: ERROR: [third_party/odml/litert_lm/runtime/executor/llm_litert_compiled_model_executor.cc:1704]
└ ERROR: [./third_party/odml/litert/litert/cc/litert_profiler.h:91]
=== Source Location Trace: ===
./third_party/odml/litert/litert/cc/litert_macros.h:547
W0000 00:00:1785804720.481523 58267496 tasks.cc:672] Failed to get decode profile summary: INVALID_ARGUMENT: ERROR: [third_party/odml/litert_lm/runtime/executor/llm_litert_compiled_model_executor.cc:1704]
└ ERROR: [./third_party/odml/litert/litert/cc/litert_profiler.h:91]
=== Source Location Trace: ===
./third_party/odml/litert/litert/cc/litert_macros.h:547
  q 21/100 OK pred=15 gold=15 gen=683 (4s)
W0000 00:00:1785804720.482380 58267451 mel_filterbank.cc:137] Missing 10 bands  starting at 0 in mel-frequency design. Perhaps too many channels or not enough frequency resolution in spectrum. (fft_length: 257 sample_rate: 16000 mel_channel_count: 128 lower_frequency_limit: 0 upper_frequency_limit: 8000
W0000 00:00:1785804720.516853 58267496 tasks.cc:490] Failed to get prefill profile summary: INVALID_ARGUMENT: ERROR: [third_party/odml/litert_lm/runtime/executor/llm_litert_compiled_model_executor.cc:1704]
└ ERROR: [./third_party/odml/litert/litert/cc/litert_profiler.h:91]
=== Source Location Trace: ===
./third_party/odml/litert/litert/cc/litert_macros.h:547
W0000 00:00:1785804723.300639 58267496 tasks.cc:672] Failed to get decode profile summary: INVALID_ARGUMENT: ERROR: [third_party/odml/litert_lm/runtime/executor/llm_litert_compiled_model_executor.cc:1704]
└ ERROR: [./third_party/odml/litert/litert/cc/litert_profiler.h:91]
=== Source Location Trace: ===
./third_party/odml/litert/litert/cc/litert_macros.h:547
  q 22/100 OK pred=14 gold=14 gen=431 (3s)
W0000 00:00:1785804723.301465 58267451 mel_filterbank.cc:137] Missing 10 bands  starting at 0 in mel-frequency design. Perhaps too many channels or not enough frequency resolution in spectrum. (fft_length: 257 sample_rate: 16000 mel_channel_count: 128 lower_frequency_limit: 0 upper_frequency_limit: 8000
W0000 00:00:1785804723.338120 58267496 tasks.cc:490] Failed to get prefill profile summary: INVALID_ARGUMENT: ERROR: [third_party/odml/litert_lm/runtime/executor/llm_litert_compiled_model_executor.cc:1704]
└ ERROR: [./third_party/odml/litert/litert/cc/litert_profiler.h:91]
=== Source Location Trace: ===
./third_party/odml/litert/litert/cc/litert_macros.h:547
W0000 00:00:1785804724.970325 58267496 tasks.cc:672] Failed to get decode profile summary: INVALID_ARGUMENT: ERROR: [third_party/odml/litert_lm/runtime/executor/llm_litert_compiled_model_executor.cc:1704]
└ ERROR: [./third_party/odml/litert/litert/cc/litert_profiler.h:91]
=== Source Location Trace: ===
./third_party/odml/litert/litert/cc/litert_macros.h:547
  q 23/100 OK pred=7 gold=7 gen=256 (2s)
W0000 00:00:1785804724.971134 58267451 mel_filterbank.cc:137] Missing 10 bands  starting at 0 in mel-frequency design. Perhaps too many channels or not enough frequency resolution in spectrum. (fft_length: 257 sample_rate: 16000 mel_channel_count: 128 lower_frequency_limit: 0 upper_frequency_limit: 8000
W0000 00:00:1785804725.000215 58267496 tasks.cc:490] Failed to get prefill profile summary: INVALID_ARGUMENT: ERROR: [third_party/odml/litert_lm/runtime/executor/llm_litert_compiled_model_executor.cc:1704]
└ ERROR: [./third_party/odml/litert/litert/cc/litert_profiler.h:91]
=== Source Location Trace: ===
./third_party/odml/litert/litert/cc/litert_macros.h:547
W0000 00:00:1785804726.375298 58267496 tasks.cc:672] Failed to get decode profile summary: INVALID_ARGUMENT: ERROR: [third_party/odml/litert_lm/runtime/executor/llm_litert_compiled_model_executor.cc:1704]
└ ERROR: [./third_party/odml/litert/litert/cc/litert_profiler.h:91]
=== Source Location Trace: ===
./third_party/odml/litert/litert/cc/litert_macros.h:547
  q 24/100 OK pred=8 gold=8 gen=213 (1s)
W0000 00:00:1785804726.376116 58267451 mel_filterbank.cc:137] Missing 10 bands  starting at 0 in mel-frequency design. Perhaps too many channels or not enough frequency resolution in spectrum. (fft_length: 257 sample_rate: 16000 mel_channel_count: 128 lower_frequency_limit: 0 upper_frequency_limit: 8000
W0000 00:00:1785804726.398788 58267496 tasks.cc:490] Failed to get prefill profile summary: INVALID_ARGUMENT: ERROR: [third_party/odml/litert_lm/runtime/executor/llm_litert_compiled_model_executor.cc:1704]
└ ERROR: [./third_party/odml/litert/litert/cc/litert_profiler.h:91]
=== Source Location Trace: ===
./third_party/odml/litert/litert/cc/litert_macros.h:547
W0000 00:00:1785804728.735855 58267496 tasks.cc:672] Failed to get decode profile summary: INVALID_ARGUMENT: ERROR: [third_party/odml/litert_lm/runtime/executor/llm_litert_compiled_model_executor.cc:1704]
└ ERROR: [./third_party/odml/litert/litert/cc/litert_profiler.h:91]
=== Source Location Trace: ===
./third_party/odml/litert/litert/cc/litert_macros.h:547
  q 25/100 OK pred=26 gold=26 gen=362 (2s)
W0000 00:00:1785804728.736673 58267451 mel_filterbank.cc:137] Missing 10 bands  starting at 0 in mel-frequency design. Perhaps too many channels or not enough frequency resolution in spectrum. (fft_length: 257 sample_rate: 16000 mel_channel_count: 128 lower_frequency_limit: 0 upper_frequency_limit: 8000
W0000 00:00:1785804728.769823 58267496 tasks.cc:490] Failed to get prefill profile summary: INVALID_ARGUMENT: ERROR: [third_party/odml/litert_lm/runtime/executor/llm_litert_compiled_model_executor.cc:1704]
└ ERROR: [./third_party/odml/litert/litert/cc/litert_profiler.h:91]
=== Source Location Trace: ===
./third_party/odml/litert/litert/cc/litert_macros.h:547
W0000 00:00:1785804734.504500 58267496 tasks.cc:672] Failed to get decode profile summary: INVALID_ARGUMENT: ERROR: [third_party/odml/litert_lm/runtime/executor/llm_litert_compiled_model_executor.cc:1704]
└ ERROR: [./third_party/odml/litert/litert/cc/litert_profiler.h:91]
=== Source Location Trace: ===
./third_party/odml/litert/litert/cc/litert_macros.h:547
  q 26/100 OK pred=2 gold=2 gen=888 (6s)
W0000 00:00:1785804734.505351 58267451 mel_filterbank.cc:137] Missing 10 bands  starting at 0 in mel-frequency design. Perhaps too many channels or not enough frequency resolution in spectrum. (fft_length: 257 sample_rate: 16000 mel_channel_count: 128 lower_frequency_limit: 0 upper_frequency_limit: 8000
W0000 00:00:1785804734.529226 58267496 tasks.cc:490] Failed to get prefill profile summary: INVALID_ARGUMENT: ERROR: [third_party/odml/litert_lm/runtime/executor/llm_litert_compiled_model_executor.cc:1704]
└ ERROR: [./third_party/odml/litert/litert/cc/litert_profiler.h:91]
=== Source Location Trace: ===
./third_party/odml/litert/litert/cc/litert_macros.h:547
W0000 00:00:1785804736.830732 58267496 tasks.cc:672] Failed to get decode profile summary: INVALID_ARGUMENT: ERROR: [third_party/odml/litert_lm/runtime/executor/llm_litert_compiled_model_executor.cc:1704]
└ ERROR: [./third_party/odml/litert/litert/cc/litert_profiler.h:91]
=== Source Location Trace: ===
./third_party/odml/litert/litert/cc/litert_macros.h:547
  q 27/100 OK pred=243 gold=243 gen=357 (2s)
W0000 00:00:1785804736.831569 58267451 mel_filterbank.cc:137] Missing 10 bands  starting at 0 in mel-frequency design. Perhaps too many channels or not enough frequency resolution in spectrum. (fft_length: 257 sample_rate: 16000 mel_channel_count: 128 lower_frequency_limit: 0 upper_frequency_limit: 8000
W0000 00:00:1785804736.871143 58267496 tasks.cc:490] Failed to get prefill profile summary: INVALID_ARGUMENT: ERROR: [third_party/odml/litert_lm/runtime/executor/llm_litert_compiled_model_executor.cc:1704]
└ ERROR: [./third_party/odml/litert/litert/cc/litert_profiler.h:91]
=== Source Location Trace: ===
./third_party/odml/litert/litert/cc/litert_macros.h:547
W0000 00:00:1785804738.500945 58267496 tasks.cc:672] Failed to get decode profile summary: INVALID_ARGUMENT: ERROR: [third_party/odml/litert_lm/runtime/executor/llm_litert_compiled_model_executor.cc:1704]
└ ERROR: [./third_party/odml/litert/litert/cc/litert_profiler.h:91]
=== Source Location Trace: ===
./third_party/odml/litert/litert/cc/litert_macros.h:547
  q 28/100 OK pred=16 gold=16 gen=252 (2s)
W0000 00:00:1785804738.501823 58267451 mel_filterbank.cc:137] Missing 10 bands  starting at 0 in mel-frequency design. Perhaps too many channels or not enough frequency resolution in spectrum. (fft_length: 257 sample_rate: 16000 mel_channel_count: 128 lower_frequency_limit: 0 upper_frequency_limit: 8000
W0000 00:00:1785804738.525188 58267496 tasks.cc:490] Failed to get prefill profile summary: INVALID_ARGUMENT: ERROR: [third_party/odml/litert_lm/runtime/executor/llm_litert_compiled_model_executor.cc:1704]
└ ERROR: [./third_party/odml/litert/litert/cc/litert_profiler.h:91]
=== Source Location Trace: ===
./third_party/odml/litert/litert/cc/litert_macros.h:547
W0000 00:00:1785804741.024563 58267496 tasks.cc:672] Failed to get decode profile summary: INVALID_ARGUMENT: ERROR: [third_party/odml/litert_lm/runtime/executor/llm_litert_compiled_model_executor.cc:1704]
└ ERROR: [./third_party/odml/litert/litert/cc/litert_profiler.h:91]
=== Source Location Trace: ===
./third_party/odml/litert/litert/cc/litert_macros.h:547
  q 29/100 OK pred=25 gold=25 gen=390 (3s)
W0000 00:00:1785804741.025389 58267451 mel_filterbank.cc:137] Missing 10 bands  starting at 0 in mel-frequency design. Perhaps too many channels or not enough frequency resolution in spectrum. (fft_length: 257 sample_rate: 16000 mel_channel_count: 128 lower_frequency_limit: 0 upper_frequency_limit: 8000
W0000 00:00:1785804741.063529 58267496 tasks.cc:490] Failed to get prefill profile summary: INVALID_ARGUMENT: ERROR: [third_party/odml/litert_lm/runtime/executor/llm_litert_compiled_model_executor.cc:1704]
└ ERROR: [./third_party/odml/litert/litert/cc/litert_profiler.h:91]
=== Source Location Trace: ===
./third_party/odml/litert/litert/cc/litert_macros.h:547
W0000 00:00:1785804744.350149 58267496 tasks.cc:672] Failed to get decode profile summary: INVALID_ARGUMENT: ERROR: [third_party/odml/litert_lm/runtime/executor/llm_litert_compiled_model_executor.cc:1704]
└ ERROR: [./third_party/odml/litert/litert/cc/litert_profiler.h:91]
=== Source Location Trace: ===
./third_party/odml/litert/litert/cc/litert_macros.h:547
  q 30/100 OK pred=104 gold=104 gen=511 (3s)
W0000 00:00:1785804744.350991 58267451 mel_filterbank.cc:137] Missing 10 bands  starting at 0 in mel-frequency design. Perhaps too many channels or not enough frequency resolution in spectrum. (fft_length: 257 sample_rate: 16000 mel_channel_count: 128 lower_frequency_limit: 0 upper_frequency_limit: 8000
W0000 00:00:1785804744.374482 58267496 tasks.cc:490] Failed to get prefill profile summary: INVALID_ARGUMENT: ERROR: [third_party/odml/litert_lm/runtime/executor/llm_litert_compiled_model_executor.cc:1704]
└ ERROR: [./third_party/odml/litert/litert/cc/litert_profiler.h:91]
=== Source Location Trace: ===
./third_party/odml/litert/litert/cc/litert_macros.h:547
W0000 00:00:1785804746.553122 58267496 tasks.cc:672] Failed to get decode profile summary: INVALID_ARGUMENT: ERROR: [third_party/odml/litert_lm/runtime/executor/llm_litert_compiled_model_executor.cc:1704]
└ ERROR: [./third_party/odml/litert/litert/cc/litert_profiler.h:91]
=== Source Location Trace: ===
./third_party/odml/litert/litert/cc/litert_macros.h:547
  q 31/100 OK pred=109 gold=109 gen=341 (2s)
W0000 00:00:1785804746.554012 58267451 mel_filterbank.cc:137] Missing 10 bands  starting at 0 in mel-frequency design. Perhaps too many channels or not enough frequency resolution in spectrum. (fft_length: 257 sample_rate: 16000 mel_channel_count: 128 lower_frequency_limit: 0 upper_frequency_limit: 8000
W0000 00:00:1785804746.577394 58267496 tasks.cc:490] Failed to get prefill profile summary: INVALID_ARGUMENT: ERROR: [third_party/odml/litert_lm/runtime/executor/llm_litert_compiled_model_executor.cc:1704]
└ ERROR: [./third_party/odml/litert/litert/cc/litert_profiler.h:91]
=== Source Location Trace: ===
./third_party/odml/litert/litert/cc/litert_macros.h:547
W0000 00:00:1785804748.634795 58267496 tasks.cc:672] Failed to get decode profile summary: INVALID_ARGUMENT: ERROR: [third_party/odml/litert_lm/runtime/executor/llm_litert_compiled_model_executor.cc:1704]
└ ERROR: [./third_party/odml/litert/litert/cc/litert_profiler.h:91]
=== Source Location Trace: ===
./third_party/odml/litert/litert/cc/litert_macros.h:547
  q 32/100 OK pred=80 gold=80 gen=317 (2s)
W0000 00:00:1785804748.635710 58267451 mel_filterbank.cc:137] Missing 10 bands  starting at 0 in mel-frequency design. Perhaps too many channels or not enough frequency resolution in spectrum. (fft_length: 257 sample_rate: 16000 mel_channel_count: 128 lower_frequency_limit: 0 upper_frequency_limit: 8000
W0000 00:00:1785804748.658049 58267496 tasks.cc:490] Failed to get prefill profile summary: INVALID_ARGUMENT: ERROR: [third_party/odml/litert_lm/runtime/executor/llm_litert_compiled_model_executor.cc:1704]
└ ERROR: [./third_party/odml/litert/litert/cc/litert_profiler.h:91]
=== Source Location Trace: ===
./third_party/odml/litert/litert/cc/litert_macros.h:547
W0000 00:00:1785804750.135059 58267496 tasks.cc:672] Failed to get decode profile summary: INVALID_ARGUMENT: ERROR: [third_party/odml/litert_lm/runtime/executor/llm_litert_compiled_model_executor.cc:1704]
└ ERROR: [./third_party/odml/litert/litert/cc/litert_profiler.h:91]
=== Source Location Trace: ===
./third_party/odml/litert/litert/cc/litert_macros.h:547
  q 33/100 OK pred=35 gold=35 gen=231 (1s)
W0000 00:00:1785804750.135958 58267451 mel_filterbank.cc:137] Missing 10 bands  starting at 0 in mel-frequency design. Perhaps too many channels or not enough frequency resolution in spectrum. (fft_length: 257 sample_rate: 16000 mel_channel_count: 128 lower_frequency_limit: 0 upper_frequency_limit: 8000
W0000 00:00:1785804750.165495 58267496 tasks.cc:490] Failed to get prefill profile summary: INVALID_ARGUMENT: ERROR: [third_party/odml/litert_lm/runtime/executor/llm_litert_compiled_model_executor.cc:1704]
└ ERROR: [./third_party/odml/litert/litert/cc/litert_profiler.h:91]
=== Source Location Trace: ===
./third_party/odml/litert/litert/cc/litert_macros.h:547
W0000 00:00:1785804753.287961 58267496 tasks.cc:672] Failed to get decode profile summary: INVALID_ARGUMENT: ERROR: [third_party/odml/litert_lm/runtime/executor/llm_litert_compiled_model_executor.cc:1704]
└ ERROR: [./third_party/odml/litert/litert/cc/litert_profiler.h:91]
=== Source Location Trace: ===
./third_party/odml/litert/litert/cc/litert_macros.h:547
  q 34/100 OK pred=70 gold=70 gen=480 (3s)
W0000 00:00:1785804753.288793 58267451 mel_filterbank.cc:137] Missing 10 bands  starting at 0 in mel-frequency design. Perhaps too many channels or not enough frequency resolution in spectrum. (fft_length: 257 sample_rate: 16000 mel_channel_count: 128 lower_frequency_limit: 0 upper_frequency_limit: 8000
W0000 00:00:1785804753.317171 58267496 tasks.cc:490] Failed to get prefill profile summary: INVALID_ARGUMENT: ERROR: [third_party/odml/litert_lm/runtime/executor/llm_litert_compiled_model_executor.cc:1704]
└ ERROR: [./third_party/odml/litert/litert/cc/litert_profiler.h:91]
=== Source Location Trace: ===
./third_party/odml/litert/litert/cc/litert_macros.h:547
W0000 00:00:1785804754.415582 58267496 tasks.cc:672] Failed to get decode profile summary: INVALID_ARGUMENT: ERROR: [third_party/odml/litert_lm/runtime/executor/llm_litert_compiled_model_executor.cc:1704]
└ ERROR: [./third_party/odml/litert/litert/cc/litert_profiler.h:91]
=== Source Location Trace: ===
./third_party/odml/litert/litert/cc/litert_macros.h:547
  q 35/100 OK pred=23 gold=23 gen=168 (1s)
W0000 00:00:1785804754.416422 58267451 mel_filterbank.cc:137] Missing 10 bands  starting at 0 in mel-frequency design. Perhaps too many channels or not enough frequency resolution in spectrum. (fft_length: 257 sample_rate: 16000 mel_channel_count: 128 lower_frequency_limit: 0 upper_frequency_limit: 8000
W0000 00:00:1785804754.438814 58267496 tasks.cc:490] Failed to get prefill profile summary: INVALID_ARGUMENT: ERROR: [third_party/odml/litert_lm/runtime/executor/llm_litert_compiled_model_executor.cc:1704]
└ ERROR: [./third_party/odml/litert/litert/cc/litert_profiler.h:91]
=== Source Location Trace: ===
./third_party/odml/litert/litert/cc/litert_macros.h:547
W0000 00:00:1785804756.529094 58267496 tasks.cc:672] Failed to get decode profile summary: INVALID_ARGUMENT: ERROR: [third_party/odml/litert_lm/runtime/executor/llm_litert_compiled_model_executor.cc:1704]
└ ERROR: [./third_party/odml/litert/litert/cc/litert_profiler.h:91]
=== Source Location Trace: ===
./third_party/odml/litert/litert/cc/litert_macros.h:547
  q 36/100 OK pred=9 gold=9 gen=326 (2s)
W0000 00:00:1785804756.529982 58267451 mel_filterbank.cc:137] Missing 10 bands  starting at 0 in mel-frequency design. Perhaps too many channels or not enough frequency resolution in spectrum. (fft_length: 257 sample_rate: 16000 mel_channel_count: 128 lower_frequency_limit: 0 upper_frequency_limit: 8000
W0000 00:00:1785804756.567421 58267496 tasks.cc:490] Failed to get prefill profile summary: INVALID_ARGUMENT: ERROR: [third_party/odml/litert_lm/runtime/executor/llm_litert_compiled_model_executor.cc:1704]
└ ERROR: [./third_party/odml/litert/litert/cc/litert_profiler.h:91]
=== Source Location Trace: ===
./third_party/odml/litert/litert/cc/litert_macros.h:547
W0000 00:00:1785804759.009825 58267496 tasks.cc:672] Failed to get decode profile summary: INVALID_ARGUMENT: ERROR: [third_party/odml/litert_lm/runtime/executor/llm_litert_compiled_model_executor.cc:1704]
└ ERROR: [./third_party/odml/litert/litert/cc/litert_profiler.h:91]
=== Source Location Trace: ===
./third_party/odml/litert/litert/cc/litert_macros.h:547
  q 37/100 OK pred=75 gold=75 gen=384 (2s)
W0000 00:00:1785804759.010658 58267451 mel_filterbank.cc:137] Missing 10 bands  starting at 0 in mel-frequency design. Perhaps too many channels or not enough frequency resolution in spectrum. (fft_length: 257 sample_rate: 16000 mel_channel_count: 128 lower_frequency_limit: 0 upper_frequency_limit: 8000
W0000 00:00:1785804759.033997 58267496 tasks.cc:490] Failed to get prefill profile summary: INVALID_ARGUMENT: ERROR: [third_party/odml/litert_lm/runtime/executor/llm_litert_compiled_model_executor.cc:1704]
└ ERROR: [./third_party/odml/litert/litert/cc/litert_profiler.h:91]
=== Source Location Trace: ===
./third_party/odml/litert/litert/cc/litert_macros.h:547
W0000 00:00:1785804763.799712 58267496 tasks.cc:672] Failed to get decode profile summary: INVALID_ARGUMENT: ERROR: [third_party/odml/litert_lm/runtime/executor/llm_litert_compiled_model_executor.cc:1704]
└ ERROR: [./third_party/odml/litert/litert/cc/litert_profiler.h:91]
=== Source Location Trace: ===
./third_party/odml/litert/litert/cc/litert_macros.h:547
  q 38/100 .. pred=0 gold=2 gen=739 (5s)
W0000 00:00:1785804763.800567 58267451 mel_filterbank.cc:137] Missing 10 bands  starting at 0 in mel-frequency design. Perhaps too many channels or not enough frequency resolution in spectrum. (fft_length: 257 sample_rate: 16000 mel_channel_count: 128 lower_frequency_limit: 0 upper_frequency_limit: 8000
W0000 00:00:1785804763.822516 58267496 tasks.cc:490] Failed to get prefill profile summary: INVALID_ARGUMENT: ERROR: [third_party/odml/litert_lm/runtime/executor/llm_litert_compiled_model_executor.cc:1704]
└ ERROR: [./third_party/odml/litert/litert/cc/litert_profiler.h:91]
=== Source Location Trace: ===
./third_party/odml/litert/litert/cc/litert_macros.h:547
W0000 00:00:1785804768.748432 58267496 tasks.cc:672] Failed to get decode profile summary: INVALID_ARGUMENT: ERROR: [third_party/odml/litert_lm/runtime/executor/llm_litert_compiled_model_executor.cc:1704]
└ ERROR: [./third_party/odml/litert/litert/cc/litert_profiler.h:91]
=== Source Location Trace: ===
./third_party/odml/litert/litert/cc/litert_macros.h:547
  q 39/100 OK pred=10 gold=10 gen=763 (5s)
W0000 00:00:1785804768.749278 58267451 mel_filterbank.cc:137] Missing 10 bands  starting at 0 in mel-frequency design. Perhaps too many channels or not enough frequency resolution in spectrum. (fft_length: 257 sample_rate: 16000 mel_channel_count: 128 lower_frequency_limit: 0 upper_frequency_limit: 8000
W0000 00:00:1785804768.778258 58267496 tasks.cc:490] Failed to get prefill profile summary: INVALID_ARGUMENT: ERROR: [third_party/odml/litert_lm/runtime/executor/llm_litert_compiled_model_executor.cc:1704]
└ ERROR: [./third_party/odml/litert/litert/cc/litert_profiler.h:91]
=== Source Location Trace: ===
./third_party/odml/litert/litert/cc/litert_macros.h:547
W0000 00:00:1785804776.228857 58267496 tasks.cc:672] Failed to get decode profile summary: INVALID_ARGUMENT: ERROR: [third_party/odml/litert_lm/runtime/executor/llm_litert_compiled_model_executor.cc:1704]
└ ERROR: [./third_party/odml/litert/litert/cc/litert_profiler.h:91]
=== Source Location Trace: ===
./third_party/odml/litert/litert/cc/litert_macros.h:547
  q 40/100 OK pred=18 gold=18 gen=1155 (7s)
W0000 00:00:1785804776.229749 58267451 mel_filterbank.cc:137] Missing 10 bands  starting at 0 in mel-frequency design. Perhaps too many channels or not enough frequency resolution in spectrum. (fft_length: 257 sample_rate: 16000 mel_channel_count: 128 lower_frequency_limit: 0 upper_frequency_limit: 8000
W0000 00:00:1785804776.258597 58267496 tasks.cc:490] Failed to get prefill profile summary: INVALID_ARGUMENT: ERROR: [third_party/odml/litert_lm/runtime/executor/llm_litert_compiled_model_executor.cc:1704]
└ ERROR: [./third_party/odml/litert/litert/cc/litert_profiler.h:91]
=== Source Location Trace: ===
./third_party/odml/litert/litert/cc/litert_macros.h:547
W0000 00:00:1785804777.634742 58267496 tasks.cc:672] Failed to get decode profile summary: INVALID_ARGUMENT: ERROR: [third_party/odml/litert_lm/runtime/executor/llm_litert_compiled_model_executor.cc:1704]
└ ERROR: [./third_party/odml/litert/litert/cc/litert_profiler.h:91]
=== Source Location Trace: ===
./third_party/odml/litert/litert/cc/litert_macros.h:547
  q 41/100 OK pred=8 gold=8 gen=215 (1s)
W0000 00:00:1785804777.635567 58267451 mel_filterbank.cc:137] Missing 10 bands  starting at 0 in mel-frequency design. Perhaps too many channels or not enough frequency resolution in spectrum. (fft_length: 257 sample_rate: 16000 mel_channel_count: 128 lower_frequency_limit: 0 upper_frequency_limit: 8000
W0000 00:00:1785804777.704957 58267496 tasks.cc:490] Failed to get prefill profile summary: INVALID_ARGUMENT: ERROR: [third_party/odml/litert_lm/runtime/executor/llm_litert_compiled_model_executor.cc:1704]
└ ERROR: [./third_party/odml/litert/litert/cc/litert_profiler.h:91]
=== Source Location Trace: ===
./third_party/odml/litert/litert/cc/litert_macros.h:547
W0000 00:00:1785804782.599652 58267496 tasks.cc:672] Failed to get decode profile summary: INVALID_ARGUMENT: ERROR: [third_party/odml/litert_lm/runtime/executor/llm_litert_compiled_model_executor.cc:1704]
└ ERROR: [./third_party/odml/litert/litert/cc/litert_profiler.h:91]
=== Source Location Trace: ===
./third_party/odml/litert/litert/cc/litert_macros.h:547
  q 42/100 OK pred=200 gold=200 gen=762 (5s)
W0000 00:00:1785804782.600523 58267451 mel_filterbank.cc:137] Missing 10 bands  starting at 0 in mel-frequency design. Perhaps too many channels or not enough frequency resolution in spectrum. (fft_length: 257 sample_rate: 16000 mel_channel_count: 128 lower_frequency_limit: 0 upper_frequency_limit: 8000
W0000 00:00:1785804782.634097 58267496 tasks.cc:490] Failed to get prefill profile summary: INVALID_ARGUMENT: ERROR: [third_party/odml/litert_lm/runtime/executor/llm_litert_compiled_model_executor.cc:1704]
└ ERROR: [./third_party/odml/litert/litert/cc/litert_profiler.h:91]
=== Source Location Trace: ===
./third_party/odml/litert/litert/cc/litert_macros.h:547
W0000 00:00:1785804784.336284 58267496 tasks.cc:672] Failed to get decode profile summary: INVALID_ARGUMENT: ERROR: [third_party/odml/litert_lm/runtime/executor/llm_litert_compiled_model_executor.cc:1704]
└ ERROR: [./third_party/odml/litert/litert/cc/litert_profiler.h:91]
=== Source Location Trace: ===
./third_party/odml/litert/litert/cc/litert_macros.h:547
  q 43/100 OK pred=26 gold=26 gen=263 (2s)
W0000 00:00:1785804784.337120 58267451 mel_filterbank.cc:137] Missing 10 bands  starting at 0 in mel-frequency design. Perhaps too many channels or not enough frequency resolution in spectrum. (fft_length: 257 sample_rate: 16000 mel_channel_count: 128 lower_frequency_limit: 0 upper_frequency_limit: 8000
W0000 00:00:1785804784.366159 58267496 tasks.cc:490] Failed to get prefill profile summary: INVALID_ARGUMENT: ERROR: [third_party/odml/litert_lm/runtime/executor/llm_litert_compiled_model_executor.cc:1704]
└ ERROR: [./third_party/odml/litert/litert/cc/litert_profiler.h:91]
=== Source Location Trace: ===
./third_party/odml/litert/litert/cc/litert_macros.h:547
W0000 00:00:1785804788.102353 58267496 tasks.cc:672] Failed to get decode profile summary: INVALID_ARGUMENT: ERROR: [third_party/odml/litert_lm/runtime/executor/llm_litert_compiled_model_executor.cc:1704]
└ ERROR: [./third_party/odml/litert/litert/cc/litert_profiler.h:91]
=== Source Location Trace: ===
./third_party/odml/litert/litert/cc/litert_macros.h:547
  q 44/100 OK pred=48 gold=48 gen=576 (4s)
W0000 00:00:1785804788.103210 58267451 mel_filterbank.cc:137] Missing 10 bands  starting at 0 in mel-frequency design. Perhaps too many channels or not enough frequency resolution in spectrum. (fft_length: 257 sample_rate: 16000 mel_channel_count: 128 lower_frequency_limit: 0 upper_frequency_limit: 8000
W0000 00:00:1785804788.132456 58267496 tasks.cc:490] Failed to get prefill profile summary: INVALID_ARGUMENT: ERROR: [third_party/odml/litert_lm/runtime/executor/llm_litert_compiled_model_executor.cc:1704]
└ ERROR: [./third_party/odml/litert/litert/cc/litert_profiler.h:91]
=== Source Location Trace: ===
./third_party/odml/litert/litert/cc/litert_macros.h:547
W0000 00:00:1785804790.420854 58267496 tasks.cc:672] Failed to get decode profile summary: INVALID_ARGUMENT: ERROR: [third_party/odml/litert_lm/runtime/executor/llm_litert_compiled_model_executor.cc:1704]
└ ERROR: [./third_party/odml/litert/litert/cc/litert_profiler.h:91]
=== Source Location Trace: ===
./third_party/odml/litert/litert/cc/litert_macros.h:547
  q 45/100 OK pred=20 gold=20 gen=357 (2s)
W0000 00:00:1785804790.421676 58267451 mel_filterbank.cc:137] Missing 10 bands  starting at 0 in mel-frequency design. Perhaps too many channels or not enough frequency resolution in spectrum. (fft_length: 257 sample_rate: 16000 mel_channel_count: 128 lower_frequency_limit: 0 upper_frequency_limit: 8000
W0000 00:00:1785804790.470204 58267496 tasks.cc:490] Failed to get prefill profile summary: INVALID_ARGUMENT: ERROR: [third_party/odml/litert_lm/runtime/executor/llm_litert_compiled_model_executor.cc:1704]
└ ERROR: [./third_party/odml/litert/litert/cc/litert_profiler.h:91]
=== Source Location Trace: ===
./third_party/odml/litert/litert/cc/litert_macros.h:547
W0000 00:00:1785804793.030453 58267496 tasks.cc:672] Failed to get decode profile summary: INVALID_ARGUMENT: ERROR: [third_party/odml/litert_lm/runtime/executor/llm_litert_compiled_model_executor.cc:1704]
└ ERROR: [./third_party/odml/litert/litert/cc/litert_profiler.h:91]
=== Source Location Trace: ===
./third_party/odml/litert/litert/cc/litert_macros.h:547
  q 46/100 OK pred=104 gold=104 gen=401 (3s)
W0000 00:00:1785804793.031349 58267451 mel_filterbank.cc:137] Missing 10 bands  starting at 0 in mel-frequency design. Perhaps too many channels or not enough frequency resolution in spectrum. (fft_length: 257 sample_rate: 16000 mel_channel_count: 128 lower_frequency_limit: 0 upper_frequency_limit: 8000
W0000 00:00:1785804793.079073 58267496 tasks.cc:490] Failed to get prefill profile summary: INVALID_ARGUMENT: ERROR: [third_party/odml/litert_lm/runtime/executor/llm_litert_compiled_model_executor.cc:1704]
└ ERROR: [./third_party/odml/litert/litert/cc/litert_profiler.h:91]
=== Source Location Trace: ===
./third_party/odml/litert/litert/cc/litert_macros.h:547
W0000 00:00:1785804797.236208 58267496 tasks.cc:672] Failed to get decode profile summary: INVALID_ARGUMENT: ERROR: [third_party/odml/litert_lm/runtime/executor/llm_litert_compiled_model_executor.cc:1704]
└ ERROR: [./third_party/odml/litert/litert/cc/litert_profiler.h:91]
=== Source Location Trace: ===
./third_party/odml/litert/litert/cc/litert_macros.h:547
  q 47/100 OK pred=163 gold=163 gen=647 (4s)
W0000 00:00:1785804797.237031 58267451 mel_filterbank.cc:137] Missing 10 bands  starting at 0 in mel-frequency design. Perhaps too many channels or not enough frequency resolution in spectrum. (fft_length: 257 sample_rate: 16000 mel_channel_count: 128 lower_frequency_limit: 0 upper_frequency_limit: 8000
W0000 00:00:1785804797.259357 58267496 tasks.cc:490] Failed to get prefill profile summary: INVALID_ARGUMENT: ERROR: [third_party/odml/litert_lm/runtime/executor/llm_litert_compiled_model_executor.cc:1704]
└ ERROR: [./third_party/odml/litert/litert/cc/litert_profiler.h:91]
=== Source Location Trace: ===
./third_party/odml/litert/litert/cc/litert_macros.h:547
W0000 00:00:1785804799.667765 58267496 tasks.cc:672] Failed to get decode profile summary: INVALID_ARGUMENT: ERROR: [third_party/odml/litert_lm/runtime/executor/llm_litert_compiled_model_executor.cc:1704]
└ ERROR: [./third_party/odml/litert/litert/cc/litert_profiler.h:91]
=== Source Location Trace: ===
./third_party/odml/litert/litert/cc/litert_macros.h:547
  q 48/100 OK pred=800 gold=800 gen=377 (2s)
W0000 00:00:1785804799.668606 58267451 mel_filterbank.cc:137] Missing 10 bands  starting at 0 in mel-frequency design. Perhaps too many channels or not enough frequency resolution in spectrum. (fft_length: 257 sample_rate: 16000 mel_channel_count: 128 lower_frequency_limit: 0 upper_frequency_limit: 8000
W0000 00:00:1785804799.697418 58267496 tasks.cc:490] Failed to get prefill profile summary: INVALID_ARGUMENT: ERROR: [third_party/odml/litert_lm/runtime/executor/llm_litert_compiled_model_executor.cc:1704]
└ ERROR: [./third_party/odml/litert/litert/cc/litert_profiler.h:91]
=== Source Location Trace: ===
./third_party/odml/litert/litert/cc/litert_macros.h:547
W0000 00:00:1785804801.496890 58267496 tasks.cc:672] Failed to get decode profile summary: INVALID_ARGUMENT: ERROR: [third_party/odml/litert_lm/runtime/executor/llm_litert_compiled_model_executor.cc:1704]
└ ERROR: [./third_party/odml/litert/litert/cc/litert_profiler.h:91]
=== Source Location Trace: ===
./third_party/odml/litert/litert/cc/litert_macros.h:547
  q 49/100 OK pred=8 gold=8 gen=277 (2s)
W0000 00:00:1785804801.497726 58267451 mel_filterbank.cc:137] Missing 10 bands  starting at 0 in mel-frequency design. Perhaps too many channels or not enough frequency resolution in spectrum. (fft_length: 257 sample_rate: 16000 mel_channel_count: 128 lower_frequency_limit: 0 upper_frequency_limit: 8000
W0000 00:00:1785804801.520735 58267496 tasks.cc:490] Failed to get prefill profile summary: INVALID_ARGUMENT: ERROR: [third_party/odml/litert_lm/runtime/executor/llm_litert_compiled_model_executor.cc:1704]
└ ERROR: [./third_party/odml/litert/litert/cc/litert_profiler.h:91]
=== Source Location Trace: ===
./third_party/odml/litert/litert/cc/litert_macros.h:547
W0000 00:00:1785804803.849776 58267496 tasks.cc:672] Failed to get decode profile summary: INVALID_ARGUMENT: ERROR: [third_party/odml/litert_lm/runtime/executor/llm_litert_compiled_model_executor.cc:1704]
└ ERROR: [./third_party/odml/litert/litert/cc/litert_profiler.h:91]
=== Source Location Trace: ===
./third_party/odml/litert/litert/cc/litert_macros.h:547
  q 50/100 OK pred=30 gold=30 gen=358 (2s)
W0000 00:00:1785804803.850638 58267451 mel_filterbank.cc:137] Missing 10 bands  starting at 0 in mel-frequency design. Perhaps too many channels or not enough frequency resolution in spectrum. (fft_length: 257 sample_rate: 16000 mel_channel_count: 128 lower_frequency_limit: 0 upper_frequency_limit: 8000
W0000 00:00:1785804803.879460 58267496 tasks.cc:490] Failed to get prefill profile summary: INVALID_ARGUMENT: ERROR: [third_party/odml/litert_lm/runtime/executor/llm_litert_compiled_model_executor.cc:1704]
└ ERROR: [./third_party/odml/litert/litert/cc/litert_profiler.h:91]
=== Source Location Trace: ===
./third_party/odml/litert/litert/cc/litert_macros.h:547
W0000 00:00:1785804806.405563 58267496 tasks.cc:672] Failed to get decode profile summary: INVALID_ARGUMENT: ERROR: [third_party/odml/litert_lm/runtime/executor/llm_litert_compiled_model_executor.cc:1704]
└ ERROR: [./third_party/odml/litert/litert/cc/litert_profiler.h:91]
=== Source Location Trace: ===
./third_party/odml/litert/litert/cc/litert_macros.h:547
  q 51/100 OK pred=294 gold=294 gen=393 (3s)
W0000 00:00:1785804806.406423 58267451 mel_filterbank.cc:137] Missing 10 bands  starting at 0 in mel-frequency design. Perhaps too many channels or not enough frequency resolution in spectrum. (fft_length: 257 sample_rate: 16000 mel_channel_count: 128 lower_frequency_limit: 0 upper_frequency_limit: 8000
W0000 00:00:1785804806.428773 58267496 tasks.cc:490] Failed to get prefill profile summary: INVALID_ARGUMENT: ERROR: [third_party/odml/litert_lm/runtime/executor/llm_litert_compiled_model_executor.cc:1704]
└ ERROR: [./third_party/odml/litert/litert/cc/litert_profiler.h:91]
=== Source Location Trace: ===
./third_party/odml/litert/litert/cc/litert_macros.h:547
W0000 00:00:1785804808.919087 58267496 tasks.cc:672] Failed to get decode profile summary: INVALID_ARGUMENT: ERROR: [third_party/odml/litert_lm/runtime/executor/llm_litert_compiled_model_executor.cc:1704]
└ ERROR: [./third_party/odml/litert/litert/cc/litert_profiler.h:91]
=== Source Location Trace: ===
./third_party/odml/litert/litert/cc/litert_macros.h:547
  q 52/100 OK pred=5 gold=5 gen=388 (3s)
W0000 00:00:1785804808.919919 58267451 mel_filterbank.cc:137] Missing 10 bands  starting at 0 in mel-frequency design. Perhaps too many channels or not enough frequency resolution in spectrum. (fft_length: 257 sample_rate: 16000 mel_channel_count: 128 lower_frequency_limit: 0 upper_frequency_limit: 8000
W0000 00:00:1785804808.942618 58267496 tasks.cc:490] Failed to get prefill profile summary: INVALID_ARGUMENT: ERROR: [third_party/odml/litert_lm/runtime/executor/llm_litert_compiled_model_executor.cc:1704]
└ ERROR: [./third_party/odml/litert/litert/cc/litert_profiler.h:91]
=== Source Location Trace: ===
./third_party/odml/litert/litert/cc/litert_macros.h:547
W0000 00:00:1785804811.228619 58267496 tasks.cc:672] Failed to get decode profile summary: INVALID_ARGUMENT: ERROR: [third_party/odml/litert_lm/runtime/executor/llm_litert_compiled_model_executor.cc:1704]
└ ERROR: [./third_party/odml/litert/litert/cc/litert_profiler.h:91]
=== Source Location Trace: ===
./third_party/odml/litert/litert/cc/litert_macros.h:547
  q 53/100 OK pred=15 gold=15 gen=354 (2s)
W0000 00:00:1785804811.229552 58267451 mel_filterbank.cc:137] Missing 10 bands  starting at 0 in mel-frequency design. Perhaps too many channels or not enough frequency resolution in spectrum. (fft_length: 257 sample_rate: 16000 mel_channel_count: 128 lower_frequency_limit: 0 upper_frequency_limit: 8000
W0000 00:00:1785804811.271922 58267496 tasks.cc:490] Failed to get prefill profile summary: INVALID_ARGUMENT: ERROR: [third_party/odml/litert_lm/runtime/executor/llm_litert_compiled_model_executor.cc:1704]
└ ERROR: [./third_party/odml/litert/litert/cc/litert_profiler.h:91]
=== Source Location Trace: ===
./third_party/odml/litert/litert/cc/litert_macros.h:547
W0000 00:00:1785804813.560520 58267496 tasks.cc:672] Failed to get decode profile summary: INVALID_ARGUMENT: ERROR: [third_party/odml/litert_lm/runtime/executor/llm_litert_compiled_model_executor.cc:1704]
└ ERROR: [./third_party/odml/litert/litert/cc/litert_profiler.h:91]
=== Source Location Trace: ===
./third_party/odml/litert/litert/cc/litert_macros.h:547
  q 54/100 OK pred=40 gold=40 gen=356 (2s)
W0000 00:00:1785804813.561347 58267451 mel_filterbank.cc:137] Missing 10 bands  starting at 0 in mel-frequency design. Perhaps too many channels or not enough frequency resolution in spectrum. (fft_length: 257 sample_rate: 16000 mel_channel_count: 128 lower_frequency_limit: 0 upper_frequency_limit: 8000
W0000 00:00:1785804813.595936 58267496 tasks.cc:490] Failed to get prefill profile summary: INVALID_ARGUMENT: ERROR: [third_party/odml/litert_lm/runtime/executor/llm_litert_compiled_model_executor.cc:1704]
└ ERROR: [./third_party/odml/litert/litert/cc/litert_profiler.h:91]
=== Source Location Trace: ===
./third_party/odml/litert/litert/cc/litert_macros.h:547
W0000 00:00:1785804815.557518 58267496 tasks.cc:672] Failed to get decode profile summary: INVALID_ARGUMENT: ERROR: [third_party/odml/litert_lm/runtime/executor/llm_litert_compiled_model_executor.cc:1704]
└ ERROR: [./third_party/odml/litert/litert/cc/litert_profiler.h:91]
=== Source Location Trace: ===
./third_party/odml/litert/litert/cc/litert_macros.h:547
  q 55/100 OK pred=40 gold=40 gen=306 (2s)
W0000 00:00:1785804815.558371 58267451 mel_filterbank.cc:137] Missing 10 bands  starting at 0 in mel-frequency design. Perhaps too many channels or not enough frequency resolution in spectrum. (fft_length: 257 sample_rate: 16000 mel_channel_count: 128 lower_frequency_limit: 0 upper_frequency_limit: 8000
W0000 00:00:1785804815.585542 58267496 tasks.cc:490] Failed to get prefill profile summary: INVALID_ARGUMENT: ERROR: [third_party/odml/litert_lm/runtime/executor/llm_litert_compiled_model_executor.cc:1704]
└ ERROR: [./third_party/odml/litert/litert/cc/litert_profiler.h:91]
=== Source Location Trace: ===
./third_party/odml/litert/litert/cc/litert_macros.h:547
W0000 00:00:1785804816.939636 58267496 tasks.cc:672] Failed to get decode profile summary: INVALID_ARGUMENT: ERROR: [third_party/odml/litert_lm/runtime/executor/llm_litert_compiled_model_executor.cc:1704]
└ ERROR: [./third_party/odml/litert/litert/cc/litert_profiler.h:91]
=== Source Location Trace: ===
./third_party/odml/litert/litert/cc/litert_macros.h:547
  q 56/100 OK pred=14 gold=14 gen=212 (1s)
W0000 00:00:1785804816.940470 58267451 mel_filterbank.cc:137] Missing 10 bands  starting at 0 in mel-frequency design. Perhaps too many channels or not enough frequency resolution in spectrum. (fft_length: 257 sample_rate: 16000 mel_channel_count: 128 lower_frequency_limit: 0 upper_frequency_limit: 8000
W0000 00:00:1785804816.963760 58267496 tasks.cc:490] Failed to get prefill profile summary: INVALID_ARGUMENT: ERROR: [third_party/odml/litert_lm/runtime/executor/llm_litert_compiled_model_executor.cc:1704]
└ ERROR: [./third_party/odml/litert/litert/cc/litert_profiler.h:91]
=== Source Location Trace: ===
./third_party/odml/litert/litert/cc/litert_macros.h:547
W0000 00:00:1785804818.104758 58267496 tasks.cc:672] Failed to get decode profile summary: INVALID_ARGUMENT: ERROR: [third_party/odml/litert_lm/runtime/executor/llm_litert_compiled_model_executor.cc:1704]
└ ERROR: [./third_party/odml/litert/litert/cc/litert_profiler.h:91]
=== Source Location Trace: ===
./third_party/odml/litert/litert/cc/litert_macros.h:547
  q 57/100 OK pred=3 gold=3 gen=176 (1s)
W0000 00:00:1785804818.105649 58267451 mel_filterbank.cc:137] Missing 10 bands  starting at 0 in mel-frequency design. Perhaps too many channels or not enough frequency resolution in spectrum. (fft_length: 257 sample_rate: 16000 mel_channel_count: 128 lower_frequency_limit: 0 upper_frequency_limit: 8000
W0000 00:00:1785804818.128517 58267496 tasks.cc:490] Failed to get prefill profile summary: INVALID_ARGUMENT: ERROR: [third_party/odml/litert_lm/runtime/executor/llm_litert_compiled_model_executor.cc:1704]
└ ERROR: [./third_party/odml/litert/litert/cc/litert_profiler.h:91]
=== Source Location Trace: ===
./third_party/odml/litert/litert/cc/litert_macros.h:547
W0000 00:00:1785804821.706651 58267496 tasks.cc:672] Failed to get decode profile summary: INVALID_ARGUMENT: ERROR: [third_party/odml/litert_lm/runtime/executor/llm_litert_compiled_model_executor.cc:1704]
└ ERROR: [./third_party/odml/litert/litert/cc/litert_profiler.h:91]
=== Source Location Trace: ===
./third_party/odml/litert/litert/cc/litert_macros.h:547
  q 58/100 OK pred=83 gold=83 gen=558 (4s)
W0000 00:00:1785804821.707502 58267451 mel_filterbank.cc:137] Missing 10 bands  starting at 0 in mel-frequency design. Perhaps too many channels or not enough frequency resolution in spectrum. (fft_length: 257 sample_rate: 16000 mel_channel_count: 128 lower_frequency_limit: 0 upper_frequency_limit: 8000
W0000 00:00:1785804821.736469 58267496 tasks.cc:490] Failed to get prefill profile summary: INVALID_ARGUMENT: ERROR: [third_party/odml/litert_lm/runtime/executor/llm_litert_compiled_model_executor.cc:1704]
└ ERROR: [./third_party/odml/litert/litert/cc/litert_profiler.h:91]
=== Source Location Trace: ===
./third_party/odml/litert/litert/cc/litert_macros.h:547
W0000 00:00:1785804823.870514 58267496 tasks.cc:672] Failed to get decode profile summary: INVALID_ARGUMENT: ERROR: [third_party/odml/litert_lm/runtime/executor/llm_litert_compiled_model_executor.cc:1704]
└ ERROR: [./third_party/odml/litert/litert/cc/litert_profiler.h:91]
=== Source Location Trace: ===
./third_party/odml/litert/litert/cc/litert_macros.h:547
  q 59/100 OK pred=57 gold=57 gen=334 (2s)
W0000 00:00:1785804823.871387 58267451 mel_filterbank.cc:137] Missing 10 bands  starting at 0 in mel-frequency design. Perhaps too many channels or not enough frequency resolution in spectrum. (fft_length: 257 sample_rate: 16000 mel_channel_count: 128 lower_frequency_limit: 0 upper_frequency_limit: 8000
W0000 00:00:1785804823.898326 58267496 tasks.cc:490] Failed to get prefill profile summary: INVALID_ARGUMENT: ERROR: [third_party/odml/litert_lm/runtime/executor/llm_litert_compiled_model_executor.cc:1704]
└ ERROR: [./third_party/odml/litert/litert/cc/litert_profiler.h:91]
=== Source Location Trace: ===
./third_party/odml/litert/litert/cc/litert_macros.h:547
W0000 00:00:1785804825.448735 58267496 tasks.cc:672] Failed to get decode profile summary: INVALID_ARGUMENT: ERROR: [third_party/odml/litert_lm/runtime/executor/llm_litert_compiled_model_executor.cc:1704]
└ ERROR: [./third_party/odml/litert/litert/cc/litert_profiler.h:91]
=== Source Location Trace: ===
./third_party/odml/litert/litert/cc/litert_macros.h:547
  q 60/100 OK pred=187 gold=187 gen=241 (2s)
W0000 00:00:1785804825.449580 58267451 mel_filterbank.cc:137] Missing 10 bands  starting at 0 in mel-frequency design. Perhaps too many channels or not enough frequency resolution in spectrum. (fft_length: 257 sample_rate: 16000 mel_channel_count: 128 lower_frequency_limit: 0 upper_frequency_limit: 8000
W0000 00:00:1785804825.478066 58267496 tasks.cc:490] Failed to get prefill profile summary: INVALID_ARGUMENT: ERROR: [third_party/odml/litert_lm/runtime/executor/llm_litert_compiled_model_executor.cc:1704]
└ ERROR: [./third_party/odml/litert/litert/cc/litert_profiler.h:91]
=== Source Location Trace: ===
./third_party/odml/litert/litert/cc/litert_macros.h:547
W0000 00:00:1785804828.691572 58267496 tasks.cc:672] Failed to get decode profile summary: INVALID_ARGUMENT: ERROR: [third_party/odml/litert_lm/runtime/executor/llm_litert_compiled_model_executor.cc:1704]
└ ERROR: [./third_party/odml/litert/litert/cc/litert_profiler.h:91]
=== Source Location Trace: ===
./third_party/odml/litert/litert/cc/litert_macros.h:547
  q 61/100 OK pred=17 gold=17 gen=501 (3s)
W0000 00:00:1785804828.692451 58267451 mel_filterbank.cc:137] Missing 10 bands  starting at 0 in mel-frequency design. Perhaps too many channels or not enough frequency resolution in spectrum. (fft_length: 257 sample_rate: 16000 mel_channel_count: 128 lower_frequency_limit: 0 upper_frequency_limit: 8000
W0000 00:00:1785804828.721400 58267496 tasks.cc:490] Failed to get prefill profile summary: INVALID_ARGUMENT: ERROR: [third_party/odml/litert_lm/runtime/executor/llm_litert_compiled_model_executor.cc:1704]
└ ERROR: [./third_party/odml/litert/litert/cc/litert_profiler.h:91]
=== Source Location Trace: ===
./third_party/odml/litert/litert/cc/litert_macros.h:547
W0000 00:00:1785804830.712251 58267496 tasks.cc:672] Failed to get decode profile summary: INVALID_ARGUMENT: ERROR: [third_party/odml/litert_lm/runtime/executor/llm_litert_compiled_model_executor.cc:1704]
└ ERROR: [./third_party/odml/litert/litert/cc/litert_profiler.h:91]
=== Source Location Trace: ===
./third_party/odml/litert/litert/cc/litert_macros.h:547
  q 62/100 OK pred=1430 gold=1430 gen=312 (2s)
W0000 00:00:1785804830.713096 58267451 mel_filterbank.cc:137] Missing 10 bands  starting at 0 in mel-frequency design. Perhaps too many channels or not enough frequency resolution in spectrum. (fft_length: 257 sample_rate: 16000 mel_channel_count: 128 lower_frequency_limit: 0 upper_frequency_limit: 8000
W0000 00:00:1785804830.745956 58267496 tasks.cc:490] Failed to get prefill profile summary: INVALID_ARGUMENT: ERROR: [third_party/odml/litert_lm/runtime/executor/llm_litert_compiled_model_executor.cc:1704]
└ ERROR: [./third_party/odml/litert/litert/cc/litert_profiler.h:91]
=== Source Location Trace: ===
./third_party/odml/litert/litert/cc/litert_macros.h:547
W0000 00:00:1785804836.538570 58267496 tasks.cc:672] Failed to get decode profile summary: INVALID_ARGUMENT: ERROR: [third_party/odml/litert_lm/runtime/executor/llm_litert_compiled_model_executor.cc:1704]
└ ERROR: [./third_party/odml/litert/litert/cc/litert_profiler.h:91]
=== Source Location Trace: ===
./third_party/odml/litert/litert/cc/litert_macros.h:547
  q 63/100 .. pred=2500 gold=25000 gen=903 (6s)
W0000 00:00:1785804836.539501 58267451 mel_filterbank.cc:137] Missing 10 bands  starting at 0 in mel-frequency design. Perhaps too many channels or not enough frequency resolution in spectrum. (fft_length: 257 sample_rate: 16000 mel_channel_count: 128 lower_frequency_limit: 0 upper_frequency_limit: 8000
W0000 00:00:1785804836.563352 58267496 tasks.cc:490] Failed to get prefill profile summary: INVALID_ARGUMENT: ERROR: [third_party/odml/litert_lm/runtime/executor/llm_litert_compiled_model_executor.cc:1704]
└ ERROR: [./third_party/odml/litert/litert/cc/litert_profiler.h:91]
=== Source Location Trace: ===
./third_party/odml/litert/litert/cc/litert_macros.h:547
W0000 00:00:1785804838.675948 58267496 tasks.cc:672] Failed to get decode profile summary: INVALID_ARGUMENT: ERROR: [third_party/odml/litert_lm/runtime/executor/llm_litert_compiled_model_executor.cc:1704]
└ ERROR: [./third_party/odml/litert/litert/cc/litert_profiler.h:91]
=== Source Location Trace: ===
./third_party/odml/litert/litert/cc/litert_macros.h:547
  q 64/100 OK pred=1596 gold=1596 gen=332 (2s)
W0000 00:00:1785804838.676757 58267451 mel_filterbank.cc:137] Missing 10 bands  starting at 0 in mel-frequency design. Perhaps too many channels or not enough frequency resolution in spectrum. (fft_length: 257 sample_rate: 16000 mel_channel_count: 128 lower_frequency_limit: 0 upper_frequency_limit: 8000
W0000 00:00:1785804838.728891 58267496 tasks.cc:490] Failed to get prefill profile summary: INVALID_ARGUMENT: ERROR: [third_party/odml/litert_lm/runtime/executor/llm_litert_compiled_model_executor.cc:1704]
└ ERROR: [./third_party/odml/litert/litert/cc/litert_profiler.h:91]
=== Source Location Trace: ===
./third_party/odml/litert/litert/cc/litert_macros.h:547
W0000 00:00:1785804841.457661 58267496 tasks.cc:672] Failed to get decode profile summary: INVALID_ARGUMENT: ERROR: [third_party/odml/litert_lm/runtime/executor/llm_litert_compiled_model_executor.cc:1704]
└ ERROR: [./third_party/odml/litert/litert/cc/litert_profiler.h:91]
=== Source Location Trace: ===
./third_party/odml/litert/litert/cc/litert_macros.h:547
  q 65/100 OK pred=300 gold=300 gen=425 (3s)
W0000 00:00:1785804841.458543 58267451 mel_filterbank.cc:137] Missing 10 bands  starting at 0 in mel-frequency design. Perhaps too many channels or not enough frequency resolution in spectrum. (fft_length: 257 sample_rate: 16000 mel_channel_count: 128 lower_frequency_limit: 0 upper_frequency_limit: 8000
W0000 00:00:1785804841.483679 58267496 tasks.cc:490] Failed to get prefill profile summary: INVALID_ARGUMENT: ERROR: [third_party/odml/litert_lm/runtime/executor/llm_litert_compiled_model_executor.cc:1704]
└ ERROR: [./third_party/odml/litert/litert/cc/litert_profiler.h:91]
=== Source Location Trace: ===
./third_party/odml/litert/litert/cc/litert_macros.h:547
W0000 00:00:1785804845.176886 58267496 tasks.cc:672] Failed to get decode profile summary: INVALID_ARGUMENT: ERROR: [third_party/odml/litert_lm/runtime/executor/llm_litert_compiled_model_executor.cc:1704]
└ ERROR: [./third_party/odml/litert/litert/cc/litert_profiler.h:91]
=== Source Location Trace: ===
./third_party/odml/litert/litert/cc/litert_macros.h:547
  q 66/100 OK pred=36 gold=36 gen=579 (4s)
W0000 00:00:1785804845.177764 58267451 mel_filterbank.cc:137] Missing 10 bands  starting at 0 in mel-frequency design. Perhaps too many channels or not enough frequency resolution in spectrum. (fft_length: 257 sample_rate: 16000 mel_channel_count: 128 lower_frequency_limit: 0 upper_frequency_limit: 8000
W0000 00:00:1785804845.200207 58267496 tasks.cc:490] Failed to get prefill profile summary: INVALID_ARGUMENT: ERROR: [third_party/odml/litert_lm/runtime/executor/llm_litert_compiled_model_executor.cc:1704]
└ ERROR: [./third_party/odml/litert/litert/cc/litert_profiler.h:91]
=== Source Location Trace: ===
./third_party/odml/litert/litert/cc/litert_macros.h:547
W0000 00:00:1785804848.068891 58267496 tasks.cc:672] Failed to get decode profile summary: INVALID_ARGUMENT: ERROR: [third_party/odml/litert_lm/runtime/executor/llm_litert_compiled_model_executor.cc:1704]
└ ERROR: [./third_party/odml/litert/litert/cc/litert_profiler.h:91]
=== Source Location Trace: ===
./third_party/odml/litert/litert/cc/litert_macros.h:547
  q 67/100 OK pred=48 gold=48 gen=450 (3s)
W0000 00:00:1785804848.069758 58267451 mel_filterbank.cc:137] Missing 10 bands  starting at 0 in mel-frequency design. Perhaps too many channels or not enough frequency resolution in spectrum. (fft_length: 257 sample_rate: 16000 mel_channel_count: 128 lower_frequency_limit: 0 upper_frequency_limit: 8000
W0000 00:00:1785804848.093472 58267496 tasks.cc:490] Failed to get prefill profile summary: INVALID_ARGUMENT: ERROR: [third_party/odml/litert_lm/runtime/executor/llm_litert_compiled_model_executor.cc:1704]
└ ERROR: [./third_party/odml/litert/litert/cc/litert_profiler.h:91]
=== Source Location Trace: ===
./third_party/odml/litert/litert/cc/litert_macros.h:547
W0000 00:00:1785804849.997561 58267496 tasks.cc:672] Failed to get decode profile summary: INVALID_ARGUMENT: ERROR: [third_party/odml/litert_lm/runtime/executor/llm_litert_compiled_model_executor.cc:1704]
└ ERROR: [./third_party/odml/litert/litert/cc/litert_profiler.h:91]
=== Source Location Trace: ===
./third_party/odml/litert/litert/cc/litert_macros.h:547
  q 68/100 OK pred=595 gold=595 gen=299 (2s)
W0000 00:00:1785804849.998429 58267451 mel_filterbank.cc:137] Missing 10 bands  starting at 0 in mel-frequency design. Perhaps too many channels or not enough frequency resolution in spectrum. (fft_length: 257 sample_rate: 16000 mel_channel_count: 128 lower_frequency_limit: 0 upper_frequency_limit: 8000
W0000 00:00:1785804850.021548 58267496 tasks.cc:490] Failed to get prefill profile summary: INVALID_ARGUMENT: ERROR: [third_party/odml/litert_lm/runtime/executor/llm_litert_compiled_model_executor.cc:1704]
└ ERROR: [./third_party/odml/litert/litert/cc/litert_profiler.h:91]
=== Source Location Trace: ===
./third_party/odml/litert/litert/cc/litert_macros.h:547
W0000 00:00:1785804851.405914 58267496 tasks.cc:672] Failed to get decode profile summary: INVALID_ARGUMENT: ERROR: [third_party/odml/litert_lm/runtime/executor/llm_litert_compiled_model_executor.cc:1704]
└ ERROR: [./third_party/odml/litert/litert/cc/litert_profiler.h:91]
=== Source Location Trace: ===
./third_party/odml/litert/litert/cc/litert_macros.h:547
  q 69/100 OK pred=36 gold=36 gen=218 (1s)
W0000 00:00:1785804851.406779 58267451 mel_filterbank.cc:137] Missing 10 bands  starting at 0 in mel-frequency design. Perhaps too many channels or not enough frequency resolution in spectrum. (fft_length: 257 sample_rate: 16000 mel_channel_count: 128 lower_frequency_limit: 0 upper_frequency_limit: 8000
W0000 00:00:1785804851.435823 58267496 tasks.cc:490] Failed to get prefill profile summary: INVALID_ARGUMENT: ERROR: [third_party/odml/litert_lm/runtime/executor/llm_litert_compiled_model_executor.cc:1704]
└ ERROR: [./third_party/odml/litert/litert/cc/litert_profiler.h:91]
=== Source Location Trace: ===
./third_party/odml/litert/litert/cc/litert_macros.h:547
W0000 00:00:1785804853.163107 58267496 tasks.cc:672] Failed to get decode profile summary: INVALID_ARGUMENT: ERROR: [third_party/odml/litert_lm/runtime/executor/llm_litert_compiled_model_executor.cc:1704]
└ ERROR: [./third_party/odml/litert/litert/cc/litert_profiler.h:91]
=== Source Location Trace: ===
./third_party/odml/litert/litert/cc/litert_macros.h:547
  q 70/100 OK pred=60 gold=60 gen=272 (2s)
W0000 00:00:1785804853.163954 58267451 mel_filterbank.cc:137] Missing 10 bands  starting at 0 in mel-frequency design. Perhaps too many channels or not enough frequency resolution in spectrum. (fft_length: 257 sample_rate: 16000 mel_channel_count: 128 lower_frequency_limit: 0 upper_frequency_limit: 8000
W0000 00:00:1785804853.192737 58267496 tasks.cc:490] Failed to get prefill profile summary: INVALID_ARGUMENT: ERROR: [third_party/odml/litert_lm/runtime/executor/llm_litert_compiled_model_executor.cc:1704]
└ ERROR: [./third_party/odml/litert/litert/cc/litert_profiler.h:91]
=== Source Location Trace: ===
./third_party/odml/litert/litert/cc/litert_macros.h:547
W0000 00:00:1785804855.997131 58267496 tasks.cc:672] Failed to get decode profile summary: INVALID_ARGUMENT: ERROR: [third_party/odml/litert_lm/runtime/executor/llm_litert_compiled_model_executor.cc:1704]
└ ERROR: [./third_party/odml/litert/litert/cc/litert_profiler.h:91]
=== Source Location Trace: ===
./third_party/odml/litert/litert/cc/litert_macros.h:547
  q 71/100 .. pred=2925 gold=7425 gen=440 (3s)
W0000 00:00:1785804855.997970 58267451 mel_filterbank.cc:137] Missing 10 bands  starting at 0 in mel-frequency design. Perhaps too many channels or not enough frequency resolution in spectrum. (fft_length: 257 sample_rate: 16000 mel_channel_count: 128 lower_frequency_limit: 0 upper_frequency_limit: 8000
W0000 00:00:1785804856.024174 58267496 tasks.cc:490] Failed to get prefill profile summary: INVALID_ARGUMENT: ERROR: [third_party/odml/litert_lm/runtime/executor/llm_litert_compiled_model_executor.cc:1704]
└ ERROR: [./third_party/odml/litert/litert/cc/litert_profiler.h:91]
=== Source Location Trace: ===
./third_party/odml/litert/litert/cc/litert_macros.h:547
W0000 00:00:1785804857.292276 58267496 tasks.cc:672] Failed to get decode profile summary: INVALID_ARGUMENT: ERROR: [third_party/odml/litert_lm/runtime/executor/llm_litert_compiled_model_executor.cc:1704]
└ ERROR: [./third_party/odml/litert/litert/cc/litert_profiler.h:91]
=== Source Location Trace: ===
./third_party/odml/litert/litert/cc/litert_macros.h:547
  q 72/100 OK pred=60 gold=60 gen=200 (1s)
W0000 00:00:1785804857.293145 58267451 mel_filterbank.cc:137] Missing 10 bands  starting at 0 in mel-frequency design. Perhaps too many channels or not enough frequency resolution in spectrum. (fft_length: 257 sample_rate: 16000 mel_channel_count: 128 lower_frequency_limit: 0 upper_frequency_limit: 8000
W0000 00:00:1785804857.322266 58267496 tasks.cc:490] Failed to get prefill profile summary: INVALID_ARGUMENT: ERROR: [third_party/odml/litert_lm/runtime/executor/llm_litert_compiled_model_executor.cc:1704]
└ ERROR: [./third_party/odml/litert/litert/cc/litert_profiler.h:91]
=== Source Location Trace: ===
./third_party/odml/litert/litert/cc/litert_macros.h:547
W0000 00:00:1785804859.219703 58267496 tasks.cc:672] Failed to get decode profile summary: INVALID_ARGUMENT: ERROR: [third_party/odml/litert_lm/runtime/executor/llm_litert_compiled_model_executor.cc:1704]
└ ERROR: [./third_party/odml/litert/litert/cc/litert_profiler.h:91]
=== Source Location Trace: ===
./third_party/odml/litert/litert/cc/litert_macros.h:547
  q 73/100 OK pred=221 gold=221 gen=298 (2s)
W0000 00:00:1785804859.220573 58267451 mel_filterbank.cc:137] Missing 10 bands  starting at 0 in mel-frequency design. Perhaps too many channels or not enough frequency resolution in spectrum. (fft_length: 257 sample_rate: 16000 mel_channel_count: 128 lower_frequency_limit: 0 upper_frequency_limit: 8000
W0000 00:00:1785804859.243514 58267496 tasks.cc:490] Failed to get prefill profile summary: INVALID_ARGUMENT: ERROR: [third_party/odml/litert_lm/runtime/executor/llm_litert_compiled_model_executor.cc:1704]
└ ERROR: [./third_party/odml/litert/litert/cc/litert_profiler.h:91]
=== Source Location Trace: ===
./third_party/odml/litert/litert/cc/litert_macros.h:547
W0000 00:00:1785804864.675730 58267496 tasks.cc:672] Failed to get decode profile summary: INVALID_ARGUMENT: ERROR: [third_party/odml/litert_lm/runtime/executor/llm_litert_compiled_model_executor.cc:1704]
└ ERROR: [./third_party/odml/litert/litert/cc/litert_profiler.h:91]
=== Source Location Trace: ===
./third_party/odml/litert/litert/cc/litert_macros.h:547
  q 74/100 OK pred=255 gold=255 gen=853 (5s)
W0000 00:00:1785804864.676591 58267451 mel_filterbank.cc:137] Missing 10 bands  starting at 0 in mel-frequency design. Perhaps too many channels or not enough frequency resolution in spectrum. (fft_length: 257 sample_rate: 16000 mel_channel_count: 128 lower_frequency_limit: 0 upper_frequency_limit: 8000
W0000 00:00:1785804864.725760 58267496 tasks.cc:490] Failed to get prefill profile summary: INVALID_ARGUMENT: ERROR: [third_party/odml/litert_lm/runtime/executor/llm_litert_compiled_model_executor.cc:1704]
└ ERROR: [./third_party/odml/litert/litert/cc/litert_profiler.h:91]
=== Source Location Trace: ===
./third_party/odml/litert/litert/cc/litert_macros.h:547
W0000 00:00:1785804867.617647 58267496 tasks.cc:672] Failed to get decode profile summary: INVALID_ARGUMENT: ERROR: [third_party/odml/litert_lm/runtime/executor/llm_litert_compiled_model_executor.cc:1704]
└ ERROR: [./third_party/odml/litert/litert/cc/litert_profiler.h:91]
=== Source Location Trace: ===
./third_party/odml/litert/litert/cc/litert_macros.h:547
  q 75/100 OK pred=88 gold=88 gen=452 (3s)
W0000 00:00:1785804867.618535 58267451 mel_filterbank.cc:137] Missing 10 bands  starting at 0 in mel-frequency design. Perhaps too many channels or not enough frequency resolution in spectrum. (fft_length: 257 sample_rate: 16000 mel_channel_count: 128 lower_frequency_limit: 0 upper_frequency_limit: 8000
W0000 00:00:1785804867.646898 58267496 tasks.cc:490] Failed to get prefill profile summary: INVALID_ARGUMENT: ERROR: [third_party/odml/litert_lm/runtime/executor/llm_litert_compiled_model_executor.cc:1704]
└ ERROR: [./third_party/odml/litert/litert/cc/litert_profiler.h:91]
=== Source Location Trace: ===
./third_party/odml/litert/litert/cc/litert_macros.h:547
W0000 00:00:1785804869.655489 58267496 tasks.cc:672] Failed to get decode profile summary: INVALID_ARGUMENT: ERROR: [third_party/odml/litert_lm/runtime/executor/llm_litert_compiled_model_executor.cc:1704]
└ ERROR: [./third_party/odml/litert/litert/cc/litert_profiler.h:91]
=== Source Location Trace: ===
./third_party/odml/litert/litert/cc/litert_macros.h:547
  q 76/100 .. pred=7.5 gold=60 gen=315 (2s)
W0000 00:00:1785804869.656360 58267451 mel_filterbank.cc:137] Missing 10 bands  starting at 0 in mel-frequency design. Perhaps too many channels or not enough frequency resolution in spectrum. (fft_length: 257 sample_rate: 16000 mel_channel_count: 128 lower_frequency_limit: 0 upper_frequency_limit: 8000
W0000 00:00:1785804869.685995 58267496 tasks.cc:490] Failed to get prefill profile summary: INVALID_ARGUMENT: ERROR: [third_party/odml/litert_lm/runtime/executor/llm_litert_compiled_model_executor.cc:1704]
└ ERROR: [./third_party/odml/litert/litert/cc/litert_profiler.h:91]
=== Source Location Trace: ===
./third_party/odml/litert/litert/cc/litert_macros.h:547
W0000 00:00:1785804872.440017 58267496 tasks.cc:672] Failed to get decode profile summary: INVALID_ARGUMENT: ERROR: [third_party/odml/litert_lm/runtime/executor/llm_litert_compiled_model_executor.cc:1704]
└ ERROR: [./third_party/odml/litert/litert/cc/litert_profiler.h:91]
=== Source Location Trace: ===
./third_party/odml/litert/litert/cc/litert_macros.h:547
  q 77/100 OK pred=5 gold=5 gen=427 (3s)
W0000 00:00:1785804872.440910 58267451 mel_filterbank.cc:137] Missing 10 bands  starting at 0 in mel-frequency design. Perhaps too many channels or not enough frequency resolution in spectrum. (fft_length: 257 sample_rate: 16000 mel_channel_count: 128 lower_frequency_limit: 0 upper_frequency_limit: 8000
W0000 00:00:1785804872.463336 58267496 tasks.cc:490] Failed to get prefill profile summary: INVALID_ARGUMENT: ERROR: [third_party/odml/litert_lm/runtime/executor/llm_litert_compiled_model_executor.cc:1704]
└ ERROR: [./third_party/odml/litert/litert/cc/litert_profiler.h:91]
=== Source Location Trace: ===
./third_party/odml/litert/litert/cc/litert_macros.h:547
W0000 00:00:1785804874.484995 58267496 tasks.cc:672] Failed to get decode profile summary: INVALID_ARGUMENT: ERROR: [third_party/odml/litert_lm/runtime/executor/llm_litert_compiled_model_executor.cc:1704]
└ ERROR: [./third_party/odml/litert/litert/cc/litert_profiler.h:91]
=== Source Location Trace: ===
./third_party/odml/litert/litert/cc/litert_macros.h:547
  q 78/100 OK pred=100 gold=100 gen=316 (2s)
W0000 00:00:1785804874.485857 58267451 mel_filterbank.cc:137] Missing 10 bands  starting at 0 in mel-frequency design. Perhaps too many channels or not enough frequency resolution in spectrum. (fft_length: 257 sample_rate: 16000 mel_channel_count: 128 lower_frequency_limit: 0 upper_frequency_limit: 8000
W0000 00:00:1785804874.507862 58267496 tasks.cc:490] Failed to get prefill profile summary: INVALID_ARGUMENT: ERROR: [third_party/odml/litert_lm/runtime/executor/llm_litert_compiled_model_executor.cc:1704]
└ ERROR: [./third_party/odml/litert/litert/cc/litert_profiler.h:91]
=== Source Location Trace: ===
./third_party/odml/litert/litert/cc/litert_macros.h:547
W0000 00:00:1785804878.659164 58267496 tasks.cc:672] Failed to get decode profile summary: INVALID_ARGUMENT: ERROR: [third_party/odml/litert_lm/runtime/executor/llm_litert_compiled_model_executor.cc:1704]
└ ERROR: [./third_party/odml/litert/litert/cc/litert_profiler.h:91]
=== Source Location Trace: ===
./third_party/odml/litert/litert/cc/litert_macros.h:547
  q 79/100 OK pred=6 gold=6 gen=645 (4s)
W0000 00:00:1785804878.660031 58267451 mel_filterbank.cc:137] Missing 10 bands  starting at 0 in mel-frequency design. Perhaps too many channels or not enough frequency resolution in spectrum. (fft_length: 257 sample_rate: 16000 mel_channel_count: 128 lower_frequency_limit: 0 upper_frequency_limit: 8000
W0000 00:00:1785804878.683587 58267496 tasks.cc:490] Failed to get prefill profile summary: INVALID_ARGUMENT: ERROR: [third_party/odml/litert_lm/runtime/executor/llm_litert_compiled_model_executor.cc:1704]
└ ERROR: [./third_party/odml/litert/litert/cc/litert_profiler.h:91]
=== Source Location Trace: ===
./third_party/odml/litert/litert/cc/litert_macros.h:547
W0000 00:00:1785804880.328791 58267496 tasks.cc:672] Failed to get decode profile summary: INVALID_ARGUMENT: ERROR: [third_party/odml/litert_lm/runtime/executor/llm_litert_compiled_model_executor.cc:1704]
└ ERROR: [./third_party/odml/litert/litert/cc/litert_profiler.h:91]
=== Source Location Trace: ===
./third_party/odml/litert/litert/cc/litert_macros.h:547
  q 80/100 OK pred=70 gold=70 gen=258 (2s)
W0000 00:00:1785804880.329713 58267451 mel_filterbank.cc:137] Missing 10 bands  starting at 0 in mel-frequency design. Perhaps too many channels or not enough frequency resolution in spectrum. (fft_length: 257 sample_rate: 16000 mel_channel_count: 128 lower_frequency_limit: 0 upper_frequency_limit: 8000
W0000 00:00:1785804880.352007 58267496 tasks.cc:490] Failed to get prefill profile summary: INVALID_ARGUMENT: ERROR: [third_party/odml/litert_lm/runtime/executor/llm_litert_compiled_model_executor.cc:1704]
└ ERROR: [./third_party/odml/litert/litert/cc/litert_profiler.h:91]
=== Source Location Trace: ===
./third_party/odml/litert/litert/cc/litert_macros.h:547
W0000 00:00:1785804882.684134 58267496 tasks.cc:672] Failed to get decode profile summary: INVALID_ARGUMENT: ERROR: [third_party/odml/litert_lm/runtime/executor/llm_litert_compiled_model_executor.cc:1704]
└ ERROR: [./third_party/odml/litert/litert/cc/litert_profiler.h:91]
=== Source Location Trace: ===
./third_party/odml/litert/litert/cc/litert_macros.h:547
  q 81/100 OK pred=10 gold=10 gen=361 (2s)
W0000 00:00:1785804882.685027 58267451 mel_filterbank.cc:137] Missing 10 bands  starting at 0 in mel-frequency design. Perhaps too many channels or not enough frequency resolution in spectrum. (fft_length: 257 sample_rate: 16000 mel_channel_count: 128 lower_frequency_limit: 0 upper_frequency_limit: 8000
W0000 00:00:1785804882.708573 58267496 tasks.cc:490] Failed to get prefill profile summary: INVALID_ARGUMENT: ERROR: [third_party/odml/litert_lm/runtime/executor/llm_litert_compiled_model_executor.cc:1704]
└ ERROR: [./third_party/odml/litert/litert/cc/litert_profiler.h:91]
=== Source Location Trace: ===
./third_party/odml/litert/litert/cc/litert_macros.h:547
W0000 00:00:1785804884.000818 58267496 tasks.cc:672] Failed to get decode profile summary: INVALID_ARGUMENT: ERROR: [third_party/odml/litert_lm/runtime/executor/llm_litert_compiled_model_executor.cc:1704]
└ ERROR: [./third_party/odml/litert/litert/cc/litert_profiler.h:91]
=== Source Location Trace: ===
./third_party/odml/litert/litert/cc/litert_macros.h:547
  q 82/100 OK pred=17 gold=17 gen=201 (1s)
W0000 00:00:1785804884.001648 58267451 mel_filterbank.cc:137] Missing 10 bands  starting at 0 in mel-frequency design. Perhaps too many channels or not enough frequency resolution in spectrum. (fft_length: 257 sample_rate: 16000 mel_channel_count: 128 lower_frequency_limit: 0 upper_frequency_limit: 8000
W0000 00:00:1785804884.024139 58267496 tasks.cc:490] Failed to get prefill profile summary: INVALID_ARGUMENT: ERROR: [third_party/odml/litert_lm/runtime/executor/llm_litert_compiled_model_executor.cc:1704]
└ ERROR: [./third_party/odml/litert/litert/cc/litert_profiler.h:91]
=== Source Location Trace: ===
./third_party/odml/litert/litert/cc/litert_macros.h:547
W0000 00:00:1785804885.721619 58267496 tasks.cc:672] Failed to get decode profile summary: INVALID_ARGUMENT: ERROR: [third_party/odml/litert_lm/runtime/executor/llm_litert_compiled_model_executor.cc:1704]
└ ERROR: [./third_party/odml/litert/litert/cc/litert_profiler.h:91]
=== Source Location Trace: ===
./third_party/odml/litert/litert/cc/litert_macros.h:547
  q 83/100 OK pred=623 gold=623 gen=266 (2s)
W0000 00:00:1785804885.722486 58267451 mel_filterbank.cc:137] Missing 10 bands  starting at 0 in mel-frequency design. Perhaps too many channels or not enough frequency resolution in spectrum. (fft_length: 257 sample_rate: 16000 mel_channel_count: 128 lower_frequency_limit: 0 upper_frequency_limit: 8000
W0000 00:00:1785804885.751044 58267496 tasks.cc:490] Failed to get prefill profile summary: INVALID_ARGUMENT: ERROR: [third_party/odml/litert_lm/runtime/executor/llm_litert_compiled_model_executor.cc:1704]
└ ERROR: [./third_party/odml/litert/litert/cc/litert_profiler.h:91]
=== Source Location Trace: ===
./third_party/odml/litert/litert/cc/litert_macros.h:547
W0000 00:00:1785804887.753126 58267496 tasks.cc:672] Failed to get decode profile summary: INVALID_ARGUMENT: ERROR: [third_party/odml/litert_lm/runtime/executor/llm_litert_compiled_model_executor.cc:1704]
└ ERROR: [./third_party/odml/litert/litert/cc/litert_profiler.h:91]
=== Source Location Trace: ===
./third_party/odml/litert/litert/cc/litert_macros.h:547
  q 84/100 OK pred=600 gold=600 gen=310 (2s)
W0000 00:00:1785804887.753993 58267451 mel_filterbank.cc:137] Missing 10 bands  starting at 0 in mel-frequency design. Perhaps too many channels or not enough frequency resolution in spectrum. (fft_length: 257 sample_rate: 16000 mel_channel_count: 128 lower_frequency_limit: 0 upper_frequency_limit: 8000
W0000 00:00:1785804887.776008 58267496 tasks.cc:490] Failed to get prefill profile summary: INVALID_ARGUMENT: ERROR: [third_party/odml/litert_lm/runtime/executor/llm_litert_compiled_model_executor.cc:1704]
└ ERROR: [./third_party/odml/litert/litert/cc/litert_profiler.h:91]
=== Source Location Trace: ===
./third_party/odml/litert/litert/cc/litert_macros.h:547
W0000 00:00:1785804890.642406 58267496 tasks.cc:672] Failed to get decode profile summary: INVALID_ARGUMENT: ERROR: [third_party/odml/litert_lm/runtime/executor/llm_litert_compiled_model_executor.cc:1704]
└ ERROR: [./third_party/odml/litert/litert/cc/litert_profiler.h:91]
=== Source Location Trace: ===
./third_party/odml/litert/litert/cc/litert_macros.h:547
  q 85/100 OK pred=15 gold=15 gen=446 (3s)
W0000 00:00:1785804890.643288 58267451 mel_filterbank.cc:137] Missing 10 bands  starting at 0 in mel-frequency design. Perhaps too many channels or not enough frequency resolution in spectrum. (fft_length: 257 sample_rate: 16000 mel_channel_count: 128 lower_frequency_limit: 0 upper_frequency_limit: 8000
W0000 00:00:1785804890.676076 58267496 tasks.cc:490] Failed to get prefill profile summary: INVALID_ARGUMENT: ERROR: [third_party/odml/litert_lm/runtime/executor/llm_litert_compiled_model_executor.cc:1704]
└ ERROR: [./third_party/odml/litert/litert/cc/litert_profiler.h:91]
=== Source Location Trace: ===
./third_party/odml/litert/litert/cc/litert_macros.h:547
W0000 00:00:1785804893.759798 58267496 tasks.cc:672] Failed to get decode profile summary: INVALID_ARGUMENT: ERROR: [third_party/odml/litert_lm/runtime/executor/llm_litert_compiled_model_executor.cc:1704]
└ ERROR: [./third_party/odml/litert/litert/cc/litert_profiler.h:91]
=== Source Location Trace: ===
./third_party/odml/litert/litert/cc/litert_macros.h:547
  q 86/100 .. pred=12 gold=44 gen=472 (3s)
W0000 00:00:1785804893.760607 58267451 mel_filterbank.cc:137] Missing 10 bands  starting at 0 in mel-frequency design. Perhaps too many channels or not enough frequency resolution in spectrum. (fft_length: 257 sample_rate: 16000 mel_channel_count: 128 lower_frequency_limit: 0 upper_frequency_limit: 8000
W0000 00:00:1785804893.785131 58267496 tasks.cc:490] Failed to get prefill profile summary: INVALID_ARGUMENT: ERROR: [third_party/odml/litert_lm/runtime/executor/llm_litert_compiled_model_executor.cc:1704]
└ ERROR: [./third_party/odml/litert/litert/cc/litert_profiler.h:91]
=== Source Location Trace: ===
./third_party/odml/litert/litert/cc/litert_macros.h:547
W0000 00:00:1785804895.915409 58267496 tasks.cc:672] Failed to get decode profile summary: INVALID_ARGUMENT: ERROR: [third_party/odml/litert_lm/runtime/executor/llm_litert_compiled_model_executor.cc:1704]
└ ERROR: [./third_party/odml/litert/litert/cc/litert_profiler.h:91]
=== Source Location Trace: ===
./third_party/odml/litert/litert/cc/litert_macros.h:547
  q 87/100 OK pred=22 gold=22 gen=335 (2s)
W0000 00:00:1785804895.916221 58267451 mel_filterbank.cc:137] Missing 10 bands  starting at 0 in mel-frequency design. Perhaps too many channels or not enough frequency resolution in spectrum. (fft_length: 257 sample_rate: 16000 mel_channel_count: 128 lower_frequency_limit: 0 upper_frequency_limit: 8000
W0000 00:00:1785804895.952484 58267496 tasks.cc:490] Failed to get prefill profile summary: INVALID_ARGUMENT: ERROR: [third_party/odml/litert_lm/runtime/executor/llm_litert_compiled_model_executor.cc:1704]
└ ERROR: [./third_party/odml/litert/litert/cc/litert_profiler.h:91]
=== Source Location Trace: ===
./third_party/odml/litert/litert/cc/litert_macros.h:547
W0000 00:00:1785804903.158816 58267496 tasks.cc:672] Failed to get decode profile summary: INVALID_ARGUMENT: ERROR: [third_party/odml/litert_lm/runtime/executor/llm_litert_compiled_model_executor.cc:1704]
└ ERROR: [./third_party/odml/litert/litert/cc/litert_profiler.h:91]
=== Source Location Trace: ===
./third_party/odml/litert/litert/cc/litert_macros.h:547
  q 88/100 OK pred=9360 gold=9360 gen=1124 (7s)
W0000 00:00:1785804903.159685 58267451 mel_filterbank.cc:137] Missing 10 bands  starting at 0 in mel-frequency design. Perhaps too many channels or not enough frequency resolution in spectrum. (fft_length: 257 sample_rate: 16000 mel_channel_count: 128 lower_frequency_limit: 0 upper_frequency_limit: 8000
W0000 00:00:1785804903.187923 58267496 tasks.cc:490] Failed to get prefill profile summary: INVALID_ARGUMENT: ERROR: [third_party/odml/litert_lm/runtime/executor/llm_litert_compiled_model_executor.cc:1704]
└ ERROR: [./third_party/odml/litert/litert/cc/litert_profiler.h:91]
=== Source Location Trace: ===
./third_party/odml/litert/litert/cc/litert_macros.h:547
W0000 00:00:1785804905.495620 58267496 tasks.cc:672] Failed to get decode profile summary: INVALID_ARGUMENT: ERROR: [third_party/odml/litert_lm/runtime/executor/llm_litert_compiled_model_executor.cc:1704]
└ ERROR: [./third_party/odml/litert/litert/cc/litert_profiler.h:91]
=== Source Location Trace: ===
./third_party/odml/litert/litert/cc/litert_macros.h:547
  q 89/100 OK pred=8000 gold=8000 gen=362 (2s)
W0000 00:00:1785804905.496433 58267451 mel_filterbank.cc:137] Missing 10 bands  starting at 0 in mel-frequency design. Perhaps too many channels or not enough frequency resolution in spectrum. (fft_length: 257 sample_rate: 16000 mel_channel_count: 128 lower_frequency_limit: 0 upper_frequency_limit: 8000
W0000 00:00:1785804905.524790 58267496 tasks.cc:490] Failed to get prefill profile summary: INVALID_ARGUMENT: ERROR: [third_party/odml/litert_lm/runtime/executor/llm_litert_compiled_model_executor.cc:1704]
└ ERROR: [./third_party/odml/litert/litert/cc/litert_profiler.h:91]
=== Source Location Trace: ===
./third_party/odml/litert/litert/cc/litert_macros.h:547
W0000 00:00:1785804909.563426 58267496 tasks.cc:672] Failed to get decode profile summary: INVALID_ARGUMENT: ERROR: [third_party/odml/litert_lm/runtime/executor/llm_litert_compiled_model_executor.cc:1704]
└ ERROR: [./third_party/odml/litert/litert/cc/litert_profiler.h:91]
=== Source Location Trace: ===
./third_party/odml/litert/litert/cc/litert_macros.h:547
  q 90/100 OK pred=24 gold=24 gen=632 (4s)
W0000 00:00:1785804909.564241 58267451 mel_filterbank.cc:137] Missing 10 bands  starting at 0 in mel-frequency design. Perhaps too many channels or not enough frequency resolution in spectrum. (fft_length: 257 sample_rate: 16000 mel_channel_count: 128 lower_frequency_limit: 0 upper_frequency_limit: 8000
W0000 00:00:1785804909.588091 58267496 tasks.cc:490] Failed to get prefill profile summary: INVALID_ARGUMENT: ERROR: [third_party/odml/litert_lm/runtime/executor/llm_litert_compiled_model_executor.cc:1704]
└ ERROR: [./third_party/odml/litert/litert/cc/litert_profiler.h:91]
=== Source Location Trace: ===
./third_party/odml/litert/litert/cc/litert_macros.h:547
W0000 00:00:1785804911.808507 58267496 tasks.cc:672] Failed to get decode profile summary: INVALID_ARGUMENT: ERROR: [third_party/odml/litert_lm/runtime/executor/llm_litert_compiled_model_executor.cc:1704]
└ ERROR: [./third_party/odml/litert/litert/cc/litert_profiler.h:91]
=== Source Location Trace: ===
./third_party/odml/litert/litert/cc/litert_macros.h:547
  q 91/100 OK pred=225 gold=225 gen=350 (2s)
W0000 00:00:1785804911.809314 58267451 mel_filterbank.cc:137] Missing 10 bands  starting at 0 in mel-frequency design. Perhaps too many channels or not enough frequency resolution in spectrum. (fft_length: 257 sample_rate: 16000 mel_channel_count: 128 lower_frequency_limit: 0 upper_frequency_limit: 8000
W0000 00:00:1785804911.838676 58267496 tasks.cc:490] Failed to get prefill profile summary: INVALID_ARGUMENT: ERROR: [third_party/odml/litert_lm/runtime/executor/llm_litert_compiled_model_executor.cc:1704]
└ ERROR: [./third_party/odml/litert/litert/cc/litert_profiler.h:91]
=== Source Location Trace: ===
./third_party/odml/litert/litert/cc/litert_macros.h:547
W0000 00:00:1785804913.524101 58267496 tasks.cc:672] Failed to get decode profile summary: INVALID_ARGUMENT: ERROR: [third_party/odml/litert_lm/runtime/executor/llm_litert_compiled_model_executor.cc:1704]
└ ERROR: [./third_party/odml/litert/litert/cc/litert_profiler.h:91]
=== Source Location Trace: ===
./third_party/odml/litert/litert/cc/litert_macros.h:547
  q 92/100 OK pred=28 gold=28 gen=261 (2s)
W0000 00:00:1785804913.524926 58267451 mel_filterbank.cc:137] Missing 10 bands  starting at 0 in mel-frequency design. Perhaps too many channels or not enough frequency resolution in spectrum. (fft_length: 257 sample_rate: 16000 mel_channel_count: 128 lower_frequency_limit: 0 upper_frequency_limit: 8000
W0000 00:00:1785804913.585145 58267496 tasks.cc:490] Failed to get prefill profile summary: INVALID_ARGUMENT: ERROR: [third_party/odml/litert_lm/runtime/executor/llm_litert_compiled_model_executor.cc:1704]
└ ERROR: [./third_party/odml/litert/litert/cc/litert_profiler.h:91]
=== Source Location Trace: ===
./third_party/odml/litert/litert/cc/litert_macros.h:547
W0000 00:00:1785804917.027901 58267496 tasks.cc:672] Failed to get decode profile summary: INVALID_ARGUMENT: ERROR: [third_party/odml/litert_lm/runtime/executor/llm_litert_compiled_model_executor.cc:1704]
└ ERROR: [./third_party/odml/litert/litert/cc/litert_profiler.h:91]
=== Source Location Trace: ===
./third_party/odml/litert/litert/cc/litert_macros.h:547
  q 93/100 OK pred=4 gold=4 gen=516 (4s)
W0000 00:00:1785804917.028823 58267451 mel_filterbank.cc:137] Missing 10 bands  starting at 0 in mel-frequency design. Perhaps too many channels or not enough frequency resolution in spectrum. (fft_length: 257 sample_rate: 16000 mel_channel_count: 128 lower_frequency_limit: 0 upper_frequency_limit: 8000
W0000 00:00:1785804917.056260 58267496 tasks.cc:490] Failed to get prefill profile summary: INVALID_ARGUMENT: ERROR: [third_party/odml/litert_lm/runtime/executor/llm_litert_compiled_model_executor.cc:1704]
└ ERROR: [./third_party/odml/litert/litert/cc/litert_profiler.h:91]
=== Source Location Trace: ===
./third_party/odml/litert/litert/cc/litert_macros.h:547
W0000 00:00:1785804921.033296 58267496 tasks.cc:672] Failed to get decode profile summary: INVALID_ARGUMENT: ERROR: [third_party/odml/litert_lm/runtime/executor/llm_litert_compiled_model_executor.cc:1704]
└ ERROR: [./third_party/odml/litert/litert/cc/litert_profiler.h:91]
=== Source Location Trace: ===
./third_party/odml/litert/litert/cc/litert_macros.h:547
  q 94/100 .. pred=36.36363636363637 gold=36 gen=621 (4s)
W0000 00:00:1785804921.034120 58267451 mel_filterbank.cc:137] Missing 10 bands  starting at 0 in mel-frequency design. Perhaps too many channels or not enough frequency resolution in spectrum. (fft_length: 257 sample_rate: 16000 mel_channel_count: 128 lower_frequency_limit: 0 upper_frequency_limit: 8000
W0000 00:00:1785804921.056757 58267496 tasks.cc:490] Failed to get prefill profile summary: INVALID_ARGUMENT: ERROR: [third_party/odml/litert_lm/runtime/executor/llm_litert_compiled_model_executor.cc:1704]
└ ERROR: [./third_party/odml/litert/litert/cc/litert_profiler.h:91]
=== Source Location Trace: ===
./third_party/odml/litert/litert/cc/litert_macros.h:547
W0000 00:00:1785804923.368002 58267496 tasks.cc:672] Failed to get decode profile summary: INVALID_ARGUMENT: ERROR: [third_party/odml/litert_lm/runtime/executor/llm_litert_compiled_model_executor.cc:1704]
└ ERROR: [./third_party/odml/litert/litert/cc/litert_profiler.h:91]
=== Source Location Trace: ===
./third_party/odml/litert/litert/cc/litert_macros.h:547
  q 95/100 OK pred=348 gold=348 gen=361 (2s)
W0000 00:00:1785804923.368820 58267451 mel_filterbank.cc:137] Missing 10 bands  starting at 0 in mel-frequency design. Perhaps too many channels or not enough frequency resolution in spectrum. (fft_length: 257 sample_rate: 16000 mel_channel_count: 128 lower_frequency_limit: 0 upper_frequency_limit: 8000
W0000 00:00:1785804923.391384 58267496 tasks.cc:490] Failed to get prefill profile summary: INVALID_ARGUMENT: ERROR: [third_party/odml/litert_lm/runtime/executor/llm_litert_compiled_model_executor.cc:1704]
└ ERROR: [./third_party/odml/litert/litert/cc/litert_profiler.h:91]
=== Source Location Trace: ===
./third_party/odml/litert/litert/cc/litert_macros.h:547
W0000 00:00:1785804925.849403 58267496 tasks.cc:672] Failed to get decode profile summary: INVALID_ARGUMENT: ERROR: [third_party/odml/litert_lm/runtime/executor/llm_litert_compiled_model_executor.cc:1704]
└ ERROR: [./third_party/odml/litert/litert/cc/litert_profiler.h:91]
=== Source Location Trace: ===
./third_party/odml/litert/litert/cc/litert_macros.h:547
  q 96/100 OK pred=40 gold=40 gen=381 (2s)
W0000 00:00:1785804925.850570 58267451 mel_filterbank.cc:137] Missing 10 bands  starting at 0 in mel-frequency design. Perhaps too many channels or not enough frequency resolution in spectrum. (fft_length: 257 sample_rate: 16000 mel_channel_count: 128 lower_frequency_limit: 0 upper_frequency_limit: 8000
W0000 00:00:1785804925.880317 58267496 tasks.cc:490] Failed to get prefill profile summary: INVALID_ARGUMENT: ERROR: [third_party/odml/litert_lm/runtime/executor/llm_litert_compiled_model_executor.cc:1704]
└ ERROR: [./third_party/odml/litert/litert/cc/litert_profiler.h:91]
=== Source Location Trace: ===
./third_party/odml/litert/litert/cc/litert_macros.h:547
W0000 00:00:1785804927.819377 58267496 tasks.cc:672] Failed to get decode profile summary: INVALID_ARGUMENT: ERROR: [third_party/odml/litert_lm/runtime/executor/llm_litert_compiled_model_executor.cc:1704]
└ ERROR: [./third_party/odml/litert/litert/cc/litert_profiler.h:91]
=== Source Location Trace: ===
./third_party/odml/litert/litert/cc/litert_macros.h:547
  q 97/100 OK pred=3 gold=3 gen=283 (2s)
W0000 00:00:1785804927.820258 58267451 mel_filterbank.cc:137] Missing 10 bands  starting at 0 in mel-frequency design. Perhaps too many channels or not enough frequency resolution in spectrum. (fft_length: 257 sample_rate: 16000 mel_channel_count: 128 lower_frequency_limit: 0 upper_frequency_limit: 8000
W0000 00:00:1785804927.849592 58267496 tasks.cc:490] Failed to get prefill profile summary: INVALID_ARGUMENT: ERROR: [third_party/odml/litert_lm/runtime/executor/llm_litert_compiled_model_executor.cc:1704]
└ ERROR: [./third_party/odml/litert/litert/cc/litert_profiler.h:91]
=== Source Location Trace: ===
./third_party/odml/litert/litert/cc/litert_macros.h:547
W0000 00:00:1785804931.392732 58267496 tasks.cc:672] Failed to get decode profile summary: INVALID_ARGUMENT: ERROR: [third_party/odml/litert_lm/runtime/executor/llm_litert_compiled_model_executor.cc:1704]
└ ERROR: [./third_party/odml/litert/litert/cc/litert_profiler.h:91]
=== Source Location Trace: ===
./third_party/odml/litert/litert/cc/litert_macros.h:547
  q 98/100 OK pred=12 gold=12 gen=517 (4s)
W0000 00:00:1785804931.393907 58267451 mel_filterbank.cc:137] Missing 10 bands  starting at 0 in mel-frequency design. Perhaps too many channels or not enough frequency resolution in spectrum. (fft_length: 257 sample_rate: 16000 mel_channel_count: 128 lower_frequency_limit: 0 upper_frequency_limit: 8000
W0000 00:00:1785804931.443474 58267496 tasks.cc:490] Failed to get prefill profile summary: INVALID_ARGUMENT: ERROR: [third_party/odml/litert_lm/runtime/executor/llm_litert_compiled_model_executor.cc:1704]
└ ERROR: [./third_party/odml/litert/litert/cc/litert_profiler.h:91]
=== Source Location Trace: ===
./third_party/odml/litert/litert/cc/litert_macros.h:547
W0000 00:00:1785804940.316764 58267496 tasks.cc:672] Failed to get decode profile summary: INVALID_ARGUMENT: ERROR: [third_party/odml/litert_lm/runtime/executor/llm_litert_compiled_model_executor.cc:1704]
└ ERROR: [./third_party/odml/litert/litert/cc/litert_profiler.h:91]
=== Source Location Trace: ===
./third_party/odml/litert/litert/cc/litert_macros.h:547
  q 99/100 .. pred=2 gold=5 gen=1279 (9s)
W0000 00:00:1785804940.317614 58267451 mel_filterbank.cc:137] Missing 10 bands  starting at 0 in mel-frequency design. Perhaps too many channels or not enough frequency resolution in spectrum. (fft_length: 257 sample_rate: 16000 mel_channel_count: 128 lower_frequency_limit: 0 upper_frequency_limit: 8000
W0000 00:00:1785804940.347386 58267496 tasks.cc:490] Failed to get prefill profile summary: INVALID_ARGUMENT: ERROR: [third_party/odml/litert_lm/runtime/executor/llm_litert_compiled_model_executor.cc:1704]
└ ERROR: [./third_party/odml/litert/litert/cc/litert_profiler.h:91]
=== Source Location Trace: ===
./third_party/odml/litert/litert/cc/litert_macros.h:547
W0000 00:00:1785804943.406027 58267496 tasks.cc:672] Failed to get decode profile summary: INVALID_ARGUMENT: ERROR: [third_party/odml/litert_lm/runtime/executor/llm_litert_compiled_model_executor.cc:1704]
└ ERROR: [./third_party/odml/litert/litert/cc/litert_profiler.h:91]
=== Source Location Trace: ===
./third_party/odml/litert/litert/cc/litert_macros.h:547
  q 100/100 OK pred=58 gold=58 gen=465 (3s)
  gen-tokens: median 362 mean 434 max 1279  decode median 155.5 tok/s
== litert-gemma4-e2b-pip015gpu-off: 89/100 = 89.0%   (285s)
   wrote /Users/majimadaisuke/Downloads/ios-llm-benchmark/results/quality/gsm8k_litert-gemma4-e2b-pip015gpu-off.json
=== arm: litert-gemma4-e2b-pip015gpu-thinking ===
W0000 00:00:1785804943.407460 58267451 mel_filterbank.cc:137] Missing 10 bands  starting at 0 in mel-frequency design. Perhaps too many channels or not enough frequency resolution in spectrum. (fft_length: 257 sample_rate: 16000 mel_channel_count: 128 lower_frequency_limit: 0 upper_frequency_limit: 8000
W0000 00:00:1785804943.430269 58267496 tasks.cc:490] Failed to get prefill profile summary: INVALID_ARGUMENT: ERROR: [third_party/odml/litert_lm/runtime/executor/llm_litert_compiled_model_executor.cc:1704]
└ ERROR: [./third_party/odml/litert/litert/cc/litert_profiler.h:91]
=== Source Location Trace: ===
./third_party/odml/litert/litert/cc/litert_macros.h:547
W0000 00:00:1785804948.407055 58267496 tasks.cc:672] Failed to get decode profile summary: INVALID_ARGUMENT: ERROR: [third_party/odml/litert_lm/runtime/executor/llm_litert_compiled_model_executor.cc:1704]
└ ERROR: [./third_party/odml/litert/litert/cc/litert_profiler.h:91]
=== Source Location Trace: ===
./third_party/odml/litert/litert/cc/litert_macros.h:547
  q 1/100 OK pred=18 gold=18 gen=597 (5s)
W0000 00:00:1785804948.407899 58267451 mel_filterbank.cc:137] Missing 10 bands  starting at 0 in mel-frequency design. Perhaps too many channels or not enough frequency resolution in spectrum. (fft_length: 257 sample_rate: 16000 mel_channel_count: 128 lower_frequency_limit: 0 upper_frequency_limit: 8000
W0000 00:00:1785804948.430089 58267496 tasks.cc:490] Failed to get prefill profile summary: INVALID_ARGUMENT: ERROR: [third_party/odml/litert_lm/runtime/executor/llm_litert_compiled_model_executor.cc:1704]
└ ERROR: [./third_party/odml/litert/litert/cc/litert_profiler.h:91]
=== Source Location Trace: ===
./third_party/odml/litert/litert/cc/litert_macros.h:547
W0000 00:00:1785804952.520209 58267496 tasks.cc:672] Failed to get decode profile summary: INVALID_ARGUMENT: ERROR: [third_party/odml/litert_lm/runtime/executor/llm_litert_compiled_model_executor.cc:1704]
└ ERROR: [./third_party/odml/litert/litert/cc/litert_profiler.h:91]
=== Source Location Trace: ===
./third_party/odml/litert/litert/cc/litert_macros.h:547
  q 2/100 OK pred=3 gold=3 gen=501 (4s)
W0000 00:00:1785804952.521125 58267451 mel_filterbank.cc:137] Missing 10 bands  starting at 0 in mel-frequency design. Perhaps too many channels or not enough frequency resolution in spectrum. (fft_length: 257 sample_rate: 16000 mel_channel_count: 128 lower_frequency_limit: 0 upper_frequency_limit: 8000
W0000 00:00:1785804952.543760 58267496 tasks.cc:490] Failed to get prefill profile summary: INVALID_ARGUMENT: ERROR: [third_party/odml/litert_lm/runtime/executor/llm_litert_compiled_model_executor.cc:1704]
└ ERROR: [./third_party/odml/litert/litert/cc/litert_profiler.h:91]
=== Source Location Trace: ===
./third_party/odml/litert/litert/cc/litert_macros.h:547
W0000 00:00:1785804960.960190 58267496 tasks.cc:672] Failed to get decode profile summary: INVALID_ARGUMENT: ERROR: [third_party/odml/litert_lm/runtime/executor/llm_litert_compiled_model_executor.cc:1704]
└ ERROR: [./third_party/odml/litert/litert/cc/litert_profiler.h:91]
=== Source Location Trace: ===
./third_party/odml/litert/litert/cc/litert_macros.h:547
  q 3/100 OK pred=70000 gold=70000 gen=1018 (8s)
W0000 00:00:1785804960.961158 58267451 mel_filterbank.cc:137] Missing 10 bands  starting at 0 in mel-frequency design. Perhaps too many channels or not enough frequency resolution in spectrum. (fft_length: 257 sample_rate: 16000 mel_channel_count: 128 lower_frequency_limit: 0 upper_frequency_limit: 8000
W0000 00:00:1785804960.983922 58267496 tasks.cc:490] Failed to get prefill profile summary: INVALID_ARGUMENT: ERROR: [third_party/odml/litert_lm/runtime/executor/llm_litert_compiled_model_executor.cc:1704]
└ ERROR: [./third_party/odml/litert/litert/cc/litert_profiler.h:91]
=== Source Location Trace: ===
./third_party/odml/litert/litert/cc/litert_macros.h:547
W0000 00:00:1785804964.925536 58267496 tasks.cc:672] Failed to get decode profile summary: INVALID_ARGUMENT: ERROR: [third_party/odml/litert_lm/runtime/executor/llm_litert_compiled_model_executor.cc:1704]
└ ERROR: [./third_party/odml/litert/litert/cc/litert_profiler.h:91]
=== Source Location Trace: ===
./third_party/odml/litert/litert/cc/litert_macros.h:547
  q 4/100 OK pred=540 gold=540 gen=491 (4s)
W0000 00:00:1785804964.926417 58267451 mel_filterbank.cc:137] Missing 10 bands  starting at 0 in mel-frequency design. Perhaps too many channels or not enough frequency resolution in spectrum. (fft_length: 257 sample_rate: 16000 mel_channel_count: 128 lower_frequency_limit: 0 upper_frequency_limit: 8000
W0000 00:00:1785804964.969352 58267496 tasks.cc:490] Failed to get prefill profile summary: INVALID_ARGUMENT: ERROR: [third_party/odml/litert_lm/runtime/executor/llm_litert_compiled_model_executor.cc:1704]
└ ERROR: [./third_party/odml/litert/litert/cc/litert_profiler.h:91]
=== Source Location Trace: ===
./third_party/odml/litert/litert/cc/litert_macros.h:547
W0000 00:00:1785804972.059939 58267496 tasks.cc:672] Failed to get decode profile summary: INVALID_ARGUMENT: ERROR: [third_party/odml/litert_lm/runtime/executor/llm_litert_compiled_model_executor.cc:1704]
└ ERROR: [./third_party/odml/litert/litert/cc/litert_profiler.h:91]
=== Source Location Trace: ===
./third_party/odml/litert/litert/cc/litert_macros.h:547
  q 5/100 OK pred=20 gold=20 gen=882 (7s)
W0000 00:00:1785804972.060789 58267451 mel_filterbank.cc:137] Missing 10 bands  starting at 0 in mel-frequency design. Perhaps too many channels or not enough frequency resolution in spectrum. (fft_length: 257 sample_rate: 16000 mel_channel_count: 128 lower_frequency_limit: 0 upper_frequency_limit: 8000
W0000 00:00:1785804972.083847 58267496 tasks.cc:490] Failed to get prefill profile summary: INVALID_ARGUMENT: ERROR: [third_party/odml/litert_lm/runtime/executor/llm_litert_compiled_model_executor.cc:1704]
└ ERROR: [./third_party/odml/litert/litert/cc/litert_profiler.h:91]
=== Source Location Trace: ===
./third_party/odml/litert/litert/cc/litert_macros.h:547
W0000 00:00:1785804980.519753 58267496 tasks.cc:672] Failed to get decode profile summary: INVALID_ARGUMENT: ERROR: [third_party/odml/litert_lm/runtime/executor/llm_litert_compiled_model_executor.cc:1704]
└ ERROR: [./third_party/odml/litert/litert/cc/litert_profiler.h:91]
=== Source Location Trace: ===
./third_party/odml/litert/litert/cc/litert_macros.h:547
  q 6/100 OK pred=64 gold=64 gen=1056 (8s)
W0000 00:00:1785804980.520615 58267451 mel_filterbank.cc:137] Missing 10 bands  starting at 0 in mel-frequency design. Perhaps too many channels or not enough frequency resolution in spectrum. (fft_length: 257 sample_rate: 16000 mel_channel_count: 128 lower_frequency_limit: 0 upper_frequency_limit: 8000
W0000 00:00:1785804980.542945 58267496 tasks.cc:490] Failed to get prefill profile summary: INVALID_ARGUMENT: ERROR: [third_party/odml/litert_lm/runtime/executor/llm_litert_compiled_model_executor.cc:1704]
└ ERROR: [./third_party/odml/litert/litert/cc/litert_profiler.h:91]
=== Source Location Trace: ===
./third_party/odml/litert/litert/cc/litert_macros.h:547
W0000 00:00:1785804986.828615 58267496 tasks.cc:672] Failed to get decode profile summary: INVALID_ARGUMENT: ERROR: [third_party/odml/litert_lm/runtime/executor/llm_litert_compiled_model_executor.cc:1704]
└ ERROR: [./third_party/odml/litert/litert/cc/litert_profiler.h:91]
=== Source Location Trace: ===
./third_party/odml/litert/litert/cc/litert_macros.h:547
  q 7/100 OK pred=260 gold=260 gen=787 (6s)
W0000 00:00:1785804986.829438 58267451 mel_filterbank.cc:137] Missing 10 bands  starting at 0 in mel-frequency design. Perhaps too many channels or not enough frequency resolution in spectrum. (fft_length: 257 sample_rate: 16000 mel_channel_count: 128 lower_frequency_limit: 0 upper_frequency_limit: 8000
W0000 00:00:1785804986.852340 58267496 tasks.cc:490] Failed to get prefill profile summary: INVALID_ARGUMENT: ERROR: [third_party/odml/litert_lm/runtime/executor/llm_litert_compiled_model_executor.cc:1704]
└ ERROR: [./third_party/odml/litert/litert/cc/litert_profiler.h:91]
=== Source Location Trace: ===
./third_party/odml/litert/litert/cc/litert_macros.h:547
W0000 00:00:1785804996.295083 58267496 tasks.cc:672] Failed to get decode profile summary: INVALID_ARGUMENT: ERROR: [third_party/odml/litert_lm/runtime/executor/llm_litert_compiled_model_executor.cc:1704]
└ ERROR: [./third_party/odml/litert/litert/cc/litert_profiler.h:91]
=== Source Location Trace: ===
./third_party/odml/litert/litert/cc/litert_macros.h:547
  q 8/100 .. pred=120 gold=160 gen=1181 (9s)
W0000 00:00:1785804996.295921 58267451 mel_filterbank.cc:137] Missing 10 bands  starting at 0 in mel-frequency design. Perhaps too many channels or not enough frequency resolution in spectrum. (fft_length: 257 sample_rate: 16000 mel_channel_count: 128 lower_frequency_limit: 0 upper_frequency_limit: 8000
W0000 00:00:1785804996.338461 58267496 tasks.cc:490] Failed to get prefill profile summary: INVALID_ARGUMENT: ERROR: [third_party/odml/litert_lm/runtime/executor/llm_litert_compiled_model_executor.cc:1704]
└ ERROR: [./third_party/odml/litert/litert/cc/litert_profiler.h:91]
=== Source Location Trace: ===
./third_party/odml/litert/litert/cc/litert_macros.h:547
W0000 00:00:1785805012.755199 58267496 tasks.cc:672] Failed to get decode profile summary: INVALID_ARGUMENT: ERROR: [third_party/odml/litert_lm/runtime/executor/llm_litert_compiled_model_executor.cc:1704]
└ ERROR: [./third_party/odml/litert/litert/cc/litert_profiler.h:91]
=== Source Location Trace: ===
./third_party/odml/litert/litert/cc/litert_macros.h:547
  q 9/100 .. pred=None gold=45 gen=2048 (16s)
W0000 00:00:1785805012.756239 58267451 mel_filterbank.cc:137] Missing 10 bands  starting at 0 in mel-frequency design. Perhaps too many channels or not enough frequency resolution in spectrum. (fft_length: 257 sample_rate: 16000 mel_channel_count: 128 lower_frequency_limit: 0 upper_frequency_limit: 8000
W0000 00:00:1785805012.778781 58267496 tasks.cc:490] Failed to get prefill profile summary: INVALID_ARGUMENT: ERROR: [third_party/odml/litert_lm/runtime/executor/llm_litert_compiled_model_executor.cc:1704]
└ ERROR: [./third_party/odml/litert/litert/cc/litert_profiler.h:91]
=== Source Location Trace: ===
./third_party/odml/litert/litert/cc/litert_macros.h:547
W0000 00:00:1785805019.212336 58267496 tasks.cc:672] Failed to get decode profile summary: INVALID_ARGUMENT: ERROR: [third_party/odml/litert_lm/runtime/executor/llm_litert_compiled_model_executor.cc:1704]
└ ERROR: [./third_party/odml/litert/litert/cc/litert_profiler.h:91]
=== Source Location Trace: ===
./third_party/odml/litert/litert/cc/litert_macros.h:547
  q 10/100 OK pred=460 gold=460 gen=807 (6s)
W0000 00:00:1785805019.213218 58267451 mel_filterbank.cc:137] Missing 10 bands  starting at 0 in mel-frequency design. Perhaps too many channels or not enough frequency resolution in spectrum. (fft_length: 257 sample_rate: 16000 mel_channel_count: 128 lower_frequency_limit: 0 upper_frequency_limit: 8000
W0000 00:00:1785805019.236292 58267496 tasks.cc:490] Failed to get prefill profile summary: INVALID_ARGUMENT: ERROR: [third_party/odml/litert_lm/runtime/executor/llm_litert_compiled_model_executor.cc:1704]
└ ERROR: [./third_party/odml/litert/litert/cc/litert_profiler.h:91]
=== Source Location Trace: ===
./third_party/odml/litert/litert/cc/litert_macros.h:547
W0000 00:00:1785805027.158299 58267496 tasks.cc:672] Failed to get decode profile summary: INVALID_ARGUMENT: ERROR: [third_party/odml/litert_lm/runtime/executor/llm_litert_compiled_model_executor.cc:1704]
└ ERROR: [./third_party/odml/litert/litert/cc/litert_profiler.h:91]
=== Source Location Trace: ===
./third_party/odml/litert/litert/cc/litert_macros.h:547
  q 11/100 OK pred=366 gold=366 gen=992 (8s)
W0000 00:00:1785805027.159171 58267451 mel_filterbank.cc:137] Missing 10 bands  starting at 0 in mel-frequency design. Perhaps too many channels or not enough frequency resolution in spectrum. (fft_length: 257 sample_rate: 16000 mel_channel_count: 128 lower_frequency_limit: 0 upper_frequency_limit: 8000
W0000 00:00:1785805027.182188 58267496 tasks.cc:490] Failed to get prefill profile summary: INVALID_ARGUMENT: ERROR: [third_party/odml/litert_lm/runtime/executor/llm_litert_compiled_model_executor.cc:1704]
└ ERROR: [./third_party/odml/litert/litert/cc/litert_profiler.h:91]
=== Source Location Trace: ===
./third_party/odml/litert/litert/cc/litert_macros.h:547
W0000 00:00:1785805033.618937 58267496 tasks.cc:672] Failed to get decode profile summary: INVALID_ARGUMENT: ERROR: [third_party/odml/litert_lm/runtime/executor/llm_litert_compiled_model_executor.cc:1704]
└ ERROR: [./third_party/odml/litert/litert/cc/litert_profiler.h:91]
=== Source Location Trace: ===
./third_party/odml/litert/litert/cc/litert_macros.h:547
  q 12/100 OK pred=694 gold=694 gen=805 (6s)
W0000 00:00:1785805033.619798 58267451 mel_filterbank.cc:137] Missing 10 bands  starting at 0 in mel-frequency design. Perhaps too many channels or not enough frequency resolution in spectrum. (fft_length: 257 sample_rate: 16000 mel_channel_count: 128 lower_frequency_limit: 0 upper_frequency_limit: 8000
W0000 00:00:1785805033.642065 58267496 tasks.cc:490] Failed to get prefill profile summary: INVALID_ARGUMENT: ERROR: [third_party/odml/litert_lm/runtime/executor/llm_litert_compiled_model_executor.cc:1704]
└ ERROR: [./third_party/odml/litert/litert/cc/litert_profiler.h:91]
=== Source Location Trace: ===
./third_party/odml/litert/litert/cc/litert_macros.h:547
W0000 00:00:1785805041.839614 58267496 tasks.cc:672] Failed to get decode profile summary: INVALID_ARGUMENT: ERROR: [third_party/odml/litert_lm/runtime/executor/llm_litert_compiled_model_executor.cc:1704]
└ ERROR: [./third_party/odml/litert/litert/cc/litert_profiler.h:91]
=== Source Location Trace: ===
./third_party/odml/litert/litert/cc/litert_macros.h:547
  q 13/100 .. pred=12 gold=13 gen=1025 (8s)
W0000 00:00:1785805041.840467 58267451 mel_filterbank.cc:137] Missing 10 bands  starting at 0 in mel-frequency design. Perhaps too many channels or not enough frequency resolution in spectrum. (fft_length: 257 sample_rate: 16000 mel_channel_count: 128 lower_frequency_limit: 0 upper_frequency_limit: 8000
W0000 00:00:1785805041.863378 58267496 tasks.cc:490] Failed to get prefill profile summary: INVALID_ARGUMENT: ERROR: [third_party/odml/litert_lm/runtime/executor/llm_litert_compiled_model_executor.cc:1704]
└ ERROR: [./third_party/odml/litert/litert/cc/litert_profiler.h:91]
=== Source Location Trace: ===
./third_party/odml/litert/litert/cc/litert_macros.h:547
W0000 00:00:1785805052.168906 58267496 tasks.cc:672] Failed to get decode profile summary: INVALID_ARGUMENT: ERROR: [third_party/odml/litert_lm/runtime/executor/llm_litert_compiled_model_executor.cc:1704]
└ ERROR: [./third_party/odml/litert/litert/cc/litert_profiler.h:91]
=== Source Location Trace: ===
./third_party/odml/litert/litert/cc/litert_macros.h:547
  q 14/100 OK pred=18 gold=18 gen=1288 (10s)
W0000 00:00:1785805052.169779 58267451 mel_filterbank.cc:137] Missing 10 bands  starting at 0 in mel-frequency design. Perhaps too many channels or not enough frequency resolution in spectrum. (fft_length: 257 sample_rate: 16000 mel_channel_count: 128 lower_frequency_limit: 0 upper_frequency_limit: 8000
W0000 00:00:1785805052.192862 58267496 tasks.cc:490] Failed to get prefill profile summary: INVALID_ARGUMENT: ERROR: [third_party/odml/litert_lm/runtime/executor/llm_litert_compiled_model_executor.cc:1704]
└ ERROR: [./third_party/odml/litert/litert/cc/litert_profiler.h:91]
=== Source Location Trace: ===
./third_party/odml/litert/litert/cc/litert_macros.h:547
W0000 00:00:1785805061.508366 58267496 tasks.cc:672] Failed to get decode profile summary: INVALID_ARGUMENT: ERROR: [third_party/odml/litert_lm/runtime/executor/llm_litert_compiled_model_executor.cc:1704]
└ ERROR: [./third_party/odml/litert/litert/cc/litert_profiler.h:91]
=== Source Location Trace: ===
./third_party/odml/litert/litert/cc/litert_macros.h:547
  q 15/100 OK pred=60 gold=60 gen=1166 (9s)
W0000 00:00:1785805061.509235 58267451 mel_filterbank.cc:137] Missing 10 bands  starting at 0 in mel-frequency design. Perhaps too many channels or not enough frequency resolution in spectrum. (fft_length: 257 sample_rate: 16000 mel_channel_count: 128 lower_frequency_limit: 0 upper_frequency_limit: 8000
W0000 00:00:1785805061.551015 58267496 tasks.cc:490] Failed to get prefill profile summary: INVALID_ARGUMENT: ERROR: [third_party/odml/litert_lm/runtime/executor/llm_litert_compiled_model_executor.cc:1704]
└ ERROR: [./third_party/odml/litert/litert/cc/litert_profiler.h:91]
=== Source Location Trace: ===
./third_party/odml/litert/litert/cc/litert_macros.h:547
W0000 00:00:1785805071.699438 58267496 tasks.cc:672] Failed to get decode profile summary: INVALID_ARGUMENT: ERROR: [third_party/odml/litert_lm/runtime/executor/llm_litert_compiled_model_executor.cc:1704]
└ ERROR: [./third_party/odml/litert/litert/cc/litert_profiler.h:91]
=== Source Location Trace: ===
./third_party/odml/litert/litert/cc/litert_macros.h:547
  q 16/100 OK pred=125 gold=125 gen=1268 (10s)
W0000 00:00:1785805071.700374 58267451 mel_filterbank.cc:137] Missing 10 bands  starting at 0 in mel-frequency design. Perhaps too many channels or not enough frequency resolution in spectrum. (fft_length: 257 sample_rate: 16000 mel_channel_count: 128 lower_frequency_limit: 0 upper_frequency_limit: 8000
W0000 00:00:1785805071.723440 58267496 tasks.cc:490] Failed to get prefill profile summary: INVALID_ARGUMENT: ERROR: [third_party/odml/litert_lm/runtime/executor/llm_litert_compiled_model_executor.cc:1704]
└ ERROR: [./third_party/odml/litert/litert/cc/litert_profiler.h:91]
=== Source Location Trace: ===
./third_party/odml/litert/litert/cc/litert_macros.h:547
W0000 00:00:1785805077.758891 58267496 tasks.cc:672] Failed to get decode profile summary: INVALID_ARGUMENT: ERROR: [third_party/odml/litert_lm/runtime/executor/llm_litert_compiled_model_executor.cc:1704]
└ ERROR: [./third_party/odml/litert/litert/cc/litert_profiler.h:91]
=== Source Location Trace: ===
./third_party/odml/litert/litert/cc/litert_macros.h:547
  q 17/100 OK pred=230 gold=230 gen=754 (6s)
W0000 00:00:1785805077.759750 58267451 mel_filterbank.cc:137] Missing 10 bands  starting at 0 in mel-frequency design. Perhaps too many channels or not enough frequency resolution in spectrum. (fft_length: 257 sample_rate: 16000 mel_channel_count: 128 lower_frequency_limit: 0 upper_frequency_limit: 8000
W0000 00:00:1785805077.782577 58267496 tasks.cc:490] Failed to get prefill profile summary: INVALID_ARGUMENT: ERROR: [third_party/odml/litert_lm/runtime/executor/llm_litert_compiled_model_executor.cc:1704]
└ ERROR: [./third_party/odml/litert/litert/cc/litert_profiler.h:91]
=== Source Location Trace: ===
./third_party/odml/litert/litert/cc/litert_macros.h:547
W0000 00:00:1785805084.607629 58267496 tasks.cc:672] Failed to get decode profile summary: INVALID_ARGUMENT: ERROR: [third_party/odml/litert_lm/runtime/executor/llm_litert_compiled_model_executor.cc:1704]
└ ERROR: [./third_party/odml/litert/litert/cc/litert_profiler.h:91]
=== Source Location Trace: ===
./third_party/odml/litert/litert/cc/litert_macros.h:547
  q 18/100 OK pred=57500 gold=57500 gen=852 (7s)
W0000 00:00:1785805084.608465 58267451 mel_filterbank.cc:137] Missing 10 bands  starting at 0 in mel-frequency design. Perhaps too many channels or not enough frequency resolution in spectrum. (fft_length: 257 sample_rate: 16000 mel_channel_count: 128 lower_frequency_limit: 0 upper_frequency_limit: 8000
W0000 00:00:1785805084.631137 58267496 tasks.cc:490] Failed to get prefill profile summary: INVALID_ARGUMENT: ERROR: [third_party/odml/litert_lm/runtime/executor/llm_litert_compiled_model_executor.cc:1704]
└ ERROR: [./third_party/odml/litert/litert/cc/litert_profiler.h:91]
=== Source Location Trace: ===
./third_party/odml/litert/litert/cc/litert_macros.h:547
W0000 00:00:1785805089.199927 58267496 tasks.cc:672] Failed to get decode profile summary: INVALID_ARGUMENT: ERROR: [third_party/odml/litert_lm/runtime/executor/llm_litert_compiled_model_executor.cc:1704]
└ ERROR: [./third_party/odml/litert/litert/cc/litert_profiler.h:91]
=== Source Location Trace: ===
./third_party/odml/litert/litert/cc/litert_macros.h:547
  q 19/100 OK pred=7 gold=7 gen=571 (5s)
W0000 00:00:1785805089.200813 58267451 mel_filterbank.cc:137] Missing 10 bands  starting at 0 in mel-frequency design. Perhaps too many channels or not enough frequency resolution in spectrum. (fft_length: 257 sample_rate: 16000 mel_channel_count: 128 lower_frequency_limit: 0 upper_frequency_limit: 8000
W0000 00:00:1785805089.223630 58267496 tasks.cc:490] Failed to get prefill profile summary: INVALID_ARGUMENT: ERROR: [third_party/odml/litert_lm/runtime/executor/llm_litert_compiled_model_executor.cc:1704]
└ ERROR: [./third_party/odml/litert/litert/cc/litert_profiler.h:91]
=== Source Location Trace: ===
./third_party/odml/litert/litert/cc/litert_macros.h:547
W0000 00:00:1785805100.203447 58267496 tasks.cc:672] Failed to get decode profile summary: INVALID_ARGUMENT: ERROR: [third_party/odml/litert_lm/runtime/executor/llm_litert_compiled_model_executor.cc:1704]
└ ERROR: [./third_party/odml/litert/litert/cc/litert_profiler.h:91]
=== Source Location Trace: ===
./third_party/odml/litert/litert/cc/litert_macros.h:547
  q 20/100 OK pred=6 gold=6 gen=1372 (11s)
W0000 00:00:1785805100.204309 58267451 mel_filterbank.cc:137] Missing 10 bands  starting at 0 in mel-frequency design. Perhaps too many channels or not enough frequency resolution in spectrum. (fft_length: 257 sample_rate: 16000 mel_channel_count: 128 lower_frequency_limit: 0 upper_frequency_limit: 8000
W0000 00:00:1785805100.227234 58267496 tasks.cc:490] Failed to get prefill profile summary: INVALID_ARGUMENT: ERROR: [third_party/odml/litert_lm/runtime/executor/llm_litert_compiled_model_executor.cc:1704]
└ ERROR: [./third_party/odml/litert/litert/cc/litert_profiler.h:91]
=== Source Location Trace: ===
./third_party/odml/litert/litert/cc/litert_macros.h:547
W0000 00:00:1785805111.443474 58267496 tasks.cc:672] Failed to get decode profile summary: INVALID_ARGUMENT: ERROR: [third_party/odml/litert_lm/runtime/executor/llm_litert_compiled_model_executor.cc:1704]
└ ERROR: [./third_party/odml/litert/litert/cc/litert_profiler.h:91]
=== Source Location Trace: ===
./third_party/odml/litert/litert/cc/litert_macros.h:547
  q 21/100 OK pred=15 gold=15 gen=1398 (11s)
W0000 00:00:1785805111.444456 58267451 mel_filterbank.cc:137] Missing 10 bands  starting at 0 in mel-frequency design. Perhaps too many channels or not enough frequency resolution in spectrum. (fft_length: 257 sample_rate: 16000 mel_channel_count: 128 lower_frequency_limit: 0 upper_frequency_limit: 8000
W0000 00:00:1785805111.467006 58267496 tasks.cc:490] Failed to get prefill profile summary: INVALID_ARGUMENT: ERROR: [third_party/odml/litert_lm/runtime/executor/llm_litert_compiled_model_executor.cc:1704]
└ ERROR: [./third_party/odml/litert/litert/cc/litert_profiler.h:91]
=== Source Location Trace: ===
./third_party/odml/litert/litert/cc/litert_macros.h:547
W0000 00:00:1785805123.150655 58267496 tasks.cc:672] Failed to get decode profile summary: INVALID_ARGUMENT: ERROR: [third_party/odml/litert_lm/runtime/executor/llm_litert_compiled_model_executor.cc:1704]
└ ERROR: [./third_party/odml/litert/litert/cc/litert_profiler.h:91]
=== Source Location Trace: ===
./third_party/odml/litert/litert/cc/litert_macros.h:547
  q 22/100 OK pred=14 gold=14 gen=1442 (12s)
W0000 00:00:1785805123.151547 58267451 mel_filterbank.cc:137] Missing 10 bands  starting at 0 in mel-frequency design. Perhaps too many channels or not enough frequency resolution in spectrum. (fft_length: 257 sample_rate: 16000 mel_channel_count: 128 lower_frequency_limit: 0 upper_frequency_limit: 8000
W0000 00:00:1785805123.174062 58267496 tasks.cc:490] Failed to get prefill profile summary: INVALID_ARGUMENT: ERROR: [third_party/odml/litert_lm/runtime/executor/llm_litert_compiled_model_executor.cc:1704]
└ ERROR: [./third_party/odml/litert/litert/cc/litert_profiler.h:91]
=== Source Location Trace: ===
./third_party/odml/litert/litert/cc/litert_macros.h:547
W0000 00:00:1785805128.722733 58267496 tasks.cc:672] Failed to get decode profile summary: INVALID_ARGUMENT: ERROR: [third_party/odml/litert_lm/runtime/executor/llm_litert_compiled_model_executor.cc:1704]
└ ERROR: [./third_party/odml/litert/litert/cc/litert_profiler.h:91]
=== Source Location Trace: ===
./third_party/odml/litert/litert/cc/litert_macros.h:547
  q 23/100 OK pred=7 gold=7 gen=697 (6s)
W0000 00:00:1785805128.723575 58267451 mel_filterbank.cc:137] Missing 10 bands  starting at 0 in mel-frequency design. Perhaps too many channels or not enough frequency resolution in spectrum. (fft_length: 257 sample_rate: 16000 mel_channel_count: 128 lower_frequency_limit: 0 upper_frequency_limit: 8000
W0000 00:00:1785805128.746080 58267496 tasks.cc:490] Failed to get prefill profile summary: INVALID_ARGUMENT: ERROR: [third_party/odml/litert_lm/runtime/executor/llm_litert_compiled_model_executor.cc:1704]
└ ERROR: [./third_party/odml/litert/litert/cc/litert_profiler.h:91]
=== Source Location Trace: ===
./third_party/odml/litert/litert/cc/litert_macros.h:547
W0000 00:00:1785805133.298816 58267496 tasks.cc:672] Failed to get decode profile summary: INVALID_ARGUMENT: ERROR: [third_party/odml/litert_lm/runtime/executor/llm_litert_compiled_model_executor.cc:1704]
└ ERROR: [./third_party/odml/litert/litert/cc/litert_profiler.h:91]
=== Source Location Trace: ===
./third_party/odml/litert/litert/cc/litert_macros.h:547
  q 24/100 OK pred=8 gold=8 gen=569 (5s)
W0000 00:00:1785805133.299652 58267451 mel_filterbank.cc:137] Missing 10 bands  starting at 0 in mel-frequency design. Perhaps too many channels or not enough frequency resolution in spectrum. (fft_length: 257 sample_rate: 16000 mel_channel_count: 128 lower_frequency_limit: 0 upper_frequency_limit: 8000
W0000 00:00:1785805133.321984 58267496 tasks.cc:490] Failed to get prefill profile summary: INVALID_ARGUMENT: ERROR: [third_party/odml/litert_lm/runtime/executor/llm_litert_compiled_model_executor.cc:1704]
└ ERROR: [./third_party/odml/litert/litert/cc/litert_profiler.h:91]
=== Source Location Trace: ===
./third_party/odml/litert/litert/cc/litert_macros.h:547
W0000 00:00:1785805139.272608 58267496 tasks.cc:672] Failed to get decode profile summary: INVALID_ARGUMENT: ERROR: [third_party/odml/litert_lm/runtime/executor/llm_litert_compiled_model_executor.cc:1704]
└ ERROR: [./third_party/odml/litert/litert/cc/litert_profiler.h:91]
=== Source Location Trace: ===
./third_party/odml/litert/litert/cc/litert_macros.h:547
  q 25/100 OK pred=26 gold=26 gen=736 (6s)
W0000 00:00:1785805139.273442 58267451 mel_filterbank.cc:137] Missing 10 bands  starting at 0 in mel-frequency design. Perhaps too many channels or not enough frequency resolution in spectrum. (fft_length: 257 sample_rate: 16000 mel_channel_count: 128 lower_frequency_limit: 0 upper_frequency_limit: 8000
W0000 00:00:1785805139.295816 58267496 tasks.cc:490] Failed to get prefill profile summary: INVALID_ARGUMENT: ERROR: [third_party/odml/litert_lm/runtime/executor/llm_litert_compiled_model_executor.cc:1704]
└ ERROR: [./third_party/odml/litert/litert/cc/litert_profiler.h:91]
=== Source Location Trace: ===
./third_party/odml/litert/litert/cc/litert_macros.h:547
W0000 00:00:1785805148.685385 58267496 tasks.cc:672] Failed to get decode profile summary: INVALID_ARGUMENT: ERROR: [third_party/odml/litert_lm/runtime/executor/llm_litert_compiled_model_executor.cc:1704]
└ ERROR: [./third_party/odml/litert/litert/cc/litert_profiler.h:91]
=== Source Location Trace: ===
./third_party/odml/litert/litert/cc/litert_macros.h:547
  q 26/100 OK pred=2 gold=2 gen=1125 (9s)
W0000 00:00:1785805148.686225 58267451 mel_filterbank.cc:137] Missing 10 bands  starting at 0 in mel-frequency design. Perhaps too many channels or not enough frequency resolution in spectrum. (fft_length: 257 sample_rate: 16000 mel_channel_count: 128 lower_frequency_limit: 0 upper_frequency_limit: 8000
W0000 00:00:1785805148.709038 58267496 tasks.cc:490] Failed to get prefill profile summary: INVALID_ARGUMENT: ERROR: [third_party/odml/litert_lm/runtime/executor/llm_litert_compiled_model_executor.cc:1704]
└ ERROR: [./third_party/odml/litert/litert/cc/litert_profiler.h:91]
=== Source Location Trace: ===
./third_party/odml/litert/litert/cc/litert_macros.h:547
W0000 00:00:1785805155.977100 58267496 tasks.cc:672] Failed to get decode profile summary: INVALID_ARGUMENT: ERROR: [third_party/odml/litert_lm/runtime/executor/llm_litert_compiled_model_executor.cc:1704]
└ ERROR: [./third_party/odml/litert/litert/cc/litert_profiler.h:91]
=== Source Location Trace: ===
./third_party/odml/litert/litert/cc/litert_macros.h:547
  q 27/100 OK pred=243 gold=243 gen=908 (7s)
W0000 00:00:1785805155.977947 58267451 mel_filterbank.cc:137] Missing 10 bands  starting at 0 in mel-frequency design. Perhaps too many channels or not enough frequency resolution in spectrum. (fft_length: 257 sample_rate: 16000 mel_channel_count: 128 lower_frequency_limit: 0 upper_frequency_limit: 8000
W0000 00:00:1785805156.000563 58267496 tasks.cc:490] Failed to get prefill profile summary: INVALID_ARGUMENT: ERROR: [third_party/odml/litert_lm/runtime/executor/llm_litert_compiled_model_executor.cc:1704]
└ ERROR: [./third_party/odml/litert/litert/cc/litert_profiler.h:91]
=== Source Location Trace: ===
./third_party/odml/litert/litert/cc/litert_macros.h:547
W0000 00:00:1785805160.540538 58267496 tasks.cc:672] Failed to get decode profile summary: INVALID_ARGUMENT: ERROR: [third_party/odml/litert_lm/runtime/executor/llm_litert_compiled_model_executor.cc:1704]
└ ERROR: [./third_party/odml/litert/litert/cc/litert_profiler.h:91]
=== Source Location Trace: ===
./third_party/odml/litert/litert/cc/litert_macros.h:547
  q 28/100 OK pred=16 gold=16 gen=568 (5s)
W0000 00:00:1785805160.541398 58267451 mel_filterbank.cc:137] Missing 10 bands  starting at 0 in mel-frequency design. Perhaps too many channels or not enough frequency resolution in spectrum. (fft_length: 257 sample_rate: 16000 mel_channel_count: 128 lower_frequency_limit: 0 upper_frequency_limit: 8000
W0000 00:00:1785805160.563769 58267496 tasks.cc:490] Failed to get prefill profile summary: INVALID_ARGUMENT: ERROR: [third_party/odml/litert_lm/runtime/executor/llm_litert_compiled_model_executor.cc:1704]
└ ERROR: [./third_party/odml/litert/litert/cc/litert_profiler.h:91]
=== Source Location Trace: ===
./third_party/odml/litert/litert/cc/litert_macros.h:547
W0000 00:00:1785805165.755099 58267496 tasks.cc:672] Failed to get decode profile summary: INVALID_ARGUMENT: ERROR: [third_party/odml/litert_lm/runtime/executor/llm_litert_compiled_model_executor.cc:1704]
└ ERROR: [./third_party/odml/litert/litert/cc/litert_profiler.h:91]
=== Source Location Trace: ===
./third_party/odml/litert/litert/cc/litert_macros.h:547
  q 29/100 OK pred=25 gold=25 gen=650 (5s)
W0000 00:00:1785805165.755922 58267451 mel_filterbank.cc:137] Missing 10 bands  starting at 0 in mel-frequency design. Perhaps too many channels or not enough frequency resolution in spectrum. (fft_length: 257 sample_rate: 16000 mel_channel_count: 128 lower_frequency_limit: 0 upper_frequency_limit: 8000
W0000 00:00:1785805165.778898 58267496 tasks.cc:490] Failed to get prefill profile summary: INVALID_ARGUMENT: ERROR: [third_party/odml/litert_lm/runtime/executor/llm_litert_compiled_model_executor.cc:1704]
└ ERROR: [./third_party/odml/litert/litert/cc/litert_profiler.h:91]
=== Source Location Trace: ===
./third_party/odml/litert/litert/cc/litert_macros.h:547
W0000 00:00:1785805172.408501 58267496 tasks.cc:672] Failed to get decode profile summary: INVALID_ARGUMENT: ERROR: [third_party/odml/litert_lm/runtime/executor/llm_litert_compiled_model_executor.cc:1704]
└ ERROR: [./third_party/odml/litert/litert/cc/litert_profiler.h:91]
=== Source Location Trace: ===
./third_party/odml/litert/litert/cc/litert_macros.h:547
  q 30/100 OK pred=104 gold=104 gen=828 (7s)
W0000 00:00:1785805172.409433 58267451 mel_filterbank.cc:137] Missing 10 bands  starting at 0 in mel-frequency design. Perhaps too many channels or not enough frequency resolution in spectrum. (fft_length: 257 sample_rate: 16000 mel_channel_count: 128 lower_frequency_limit: 0 upper_frequency_limit: 8000
W0000 00:00:1785805172.432301 58267496 tasks.cc:490] Failed to get prefill profile summary: INVALID_ARGUMENT: ERROR: [third_party/odml/litert_lm/runtime/executor/llm_litert_compiled_model_executor.cc:1704]
└ ERROR: [./third_party/odml/litert/litert/cc/litert_profiler.h:91]
=== Source Location Trace: ===
./third_party/odml/litert/litert/cc/litert_macros.h:547
W0000 00:00:1785805178.452388 58267496 tasks.cc:672] Failed to get decode profile summary: INVALID_ARGUMENT: ERROR: [third_party/odml/litert_lm/runtime/executor/llm_litert_compiled_model_executor.cc:1704]
└ ERROR: [./third_party/odml/litert/litert/cc/litert_profiler.h:91]
=== Source Location Trace: ===
./third_party/odml/litert/litert/cc/litert_macros.h:547
  q 31/100 OK pred=109 gold=109 gen=752 (6s)
W0000 00:00:1785805178.453299 58267451 mel_filterbank.cc:137] Missing 10 bands  starting at 0 in mel-frequency design. Perhaps too many channels or not enough frequency resolution in spectrum. (fft_length: 257 sample_rate: 16000 mel_channel_count: 128 lower_frequency_limit: 0 upper_frequency_limit: 8000
W0000 00:00:1785805178.475501 58267496 tasks.cc:490] Failed to get prefill profile summary: INVALID_ARGUMENT: ERROR: [third_party/odml/litert_lm/runtime/executor/llm_litert_compiled_model_executor.cc:1704]
└ ERROR: [./third_party/odml/litert/litert/cc/litert_profiler.h:91]
=== Source Location Trace: ===
./third_party/odml/litert/litert/cc/litert_macros.h:547
W0000 00:00:1785805185.646771 58267496 tasks.cc:672] Failed to get decode profile summary: INVALID_ARGUMENT: ERROR: [third_party/odml/litert_lm/runtime/executor/llm_litert_compiled_model_executor.cc:1704]
└ ERROR: [./third_party/odml/litert/litert/cc/litert_profiler.h:91]
=== Source Location Trace: ===
./third_party/odml/litert/litert/cc/litert_macros.h:547
  q 32/100 OK pred=80 gold=80 gen=889 (7s)
W0000 00:00:1785805185.647683 58267451 mel_filterbank.cc:137] Missing 10 bands  starting at 0 in mel-frequency design. Perhaps too many channels or not enough frequency resolution in spectrum. (fft_length: 257 sample_rate: 16000 mel_channel_count: 128 lower_frequency_limit: 0 upper_frequency_limit: 8000
W0000 00:00:1785805185.669836 58267496 tasks.cc:490] Failed to get prefill profile summary: INVALID_ARGUMENT: ERROR: [third_party/odml/litert_lm/runtime/executor/llm_litert_compiled_model_executor.cc:1704]
└ ERROR: [./third_party/odml/litert/litert/cc/litert_profiler.h:91]
=== Source Location Trace: ===
./third_party/odml/litert/litert/cc/litert_macros.h:547
W0000 00:00:1785805190.156420 58267496 tasks.cc:672] Failed to get decode profile summary: INVALID_ARGUMENT: ERROR: [third_party/odml/litert_lm/runtime/executor/llm_litert_compiled_model_executor.cc:1704]
└ ERROR: [./third_party/odml/litert/litert/cc/litert_profiler.h:91]
=== Source Location Trace: ===
./third_party/odml/litert/litert/cc/litert_macros.h:547
  q 33/100 OK pred=35 gold=35 gen=555 (5s)
W0000 00:00:1785805190.157323 58267451 mel_filterbank.cc:137] Missing 10 bands  starting at 0 in mel-frequency design. Perhaps too many channels or not enough frequency resolution in spectrum. (fft_length: 257 sample_rate: 16000 mel_channel_count: 128 lower_frequency_limit: 0 upper_frequency_limit: 8000
W0000 00:00:1785805190.179564 58267496 tasks.cc:490] Failed to get prefill profile summary: INVALID_ARGUMENT: ERROR: [third_party/odml/litert_lm/runtime/executor/llm_litert_compiled_model_executor.cc:1704]
└ ERROR: [./third_party/odml/litert/litert/cc/litert_profiler.h:91]
=== Source Location Trace: ===
./third_party/odml/litert/litert/cc/litert_macros.h:547
W0000 00:00:1785805197.077927 58267496 tasks.cc:672] Failed to get decode profile summary: INVALID_ARGUMENT: ERROR: [third_party/odml/litert_lm/runtime/executor/llm_litert_compiled_model_executor.cc:1704]
└ ERROR: [./third_party/odml/litert/litert/cc/litert_profiler.h:91]
=== Source Location Trace: ===
./third_party/odml/litert/litert/cc/litert_macros.h:547
  q 34/100 OK pred=70 gold=70 gen=850 (7s)
W0000 00:00:1785805197.078845 58267451 mel_filterbank.cc:137] Missing 10 bands  starting at 0 in mel-frequency design. Perhaps too many channels or not enough frequency resolution in spectrum. (fft_length: 257 sample_rate: 16000 mel_channel_count: 128 lower_frequency_limit: 0 upper_frequency_limit: 8000
W0000 00:00:1785805197.101059 58267496 tasks.cc:490] Failed to get prefill profile summary: INVALID_ARGUMENT: ERROR: [third_party/odml/litert_lm/runtime/executor/llm_litert_compiled_model_executor.cc:1704]
└ ERROR: [./third_party/odml/litert/litert/cc/litert_profiler.h:91]
=== Source Location Trace: ===
./third_party/odml/litert/litert/cc/litert_macros.h:547
W0000 00:00:1785805202.992052 58267496 tasks.cc:672] Failed to get decode profile summary: INVALID_ARGUMENT: ERROR: [third_party/odml/litert_lm/runtime/executor/llm_litert_compiled_model_executor.cc:1704]
└ ERROR: [./third_party/odml/litert/litert/cc/litert_profiler.h:91]
=== Source Location Trace: ===
./third_party/odml/litert/litert/cc/litert_macros.h:547
  q 35/100 OK pred=23 gold=23 gen=727 (6s)
W0000 00:00:1785805202.992947 58267451 mel_filterbank.cc:137] Missing 10 bands  starting at 0 in mel-frequency design. Perhaps too many channels or not enough frequency resolution in spectrum. (fft_length: 257 sample_rate: 16000 mel_channel_count: 128 lower_frequency_limit: 0 upper_frequency_limit: 8000
W0000 00:00:1785805203.015420 58267496 tasks.cc:490] Failed to get prefill profile summary: INVALID_ARGUMENT: ERROR: [third_party/odml/litert_lm/runtime/executor/llm_litert_compiled_model_executor.cc:1704]
└ ERROR: [./third_party/odml/litert/litert/cc/litert_profiler.h:91]
=== Source Location Trace: ===
./third_party/odml/litert/litert/cc/litert_macros.h:547
W0000 00:00:1785805208.714423 58267496 tasks.cc:672] Failed to get decode profile summary: INVALID_ARGUMENT: ERROR: [third_party/odml/litert_lm/runtime/executor/llm_litert_compiled_model_executor.cc:1704]
└ ERROR: [./third_party/odml/litert/litert/cc/litert_profiler.h:91]
=== Source Location Trace: ===
./third_party/odml/litert/litert/cc/litert_macros.h:547
  q 36/100 OK pred=9 gold=9 gen=703 (6s)
W0000 00:00:1785805208.715325 58267451 mel_filterbank.cc:137] Missing 10 bands  starting at 0 in mel-frequency design. Perhaps too many channels or not enough frequency resolution in spectrum. (fft_length: 257 sample_rate: 16000 mel_channel_count: 128 lower_frequency_limit: 0 upper_frequency_limit: 8000
W0000 00:00:1785805208.737937 58267496 tasks.cc:490] Failed to get prefill profile summary: INVALID_ARGUMENT: ERROR: [third_party/odml/litert_lm/runtime/executor/llm_litert_compiled_model_executor.cc:1704]
└ ERROR: [./third_party/odml/litert/litert/cc/litert_profiler.h:91]
=== Source Location Trace: ===
./third_party/odml/litert/litert/cc/litert_macros.h:547
W0000 00:00:1785805214.643921 58267496 tasks.cc:672] Failed to get decode profile summary: INVALID_ARGUMENT: ERROR: [third_party/odml/litert_lm/runtime/executor/llm_litert_compiled_model_executor.cc:1704]
└ ERROR: [./third_party/odml/litert/litert/cc/litert_profiler.h:91]
=== Source Location Trace: ===
./third_party/odml/litert/litert/cc/litert_macros.h:547
  q 37/100 OK pred=75 gold=75 gen=729 (6s)
W0000 00:00:1785805214.644853 58267451 mel_filterbank.cc:137] Missing 10 bands  starting at 0 in mel-frequency design. Perhaps too many channels or not enough frequency resolution in spectrum. (fft_length: 257 sample_rate: 16000 mel_channel_count: 128 lower_frequency_limit: 0 upper_frequency_limit: 8000
W0000 00:00:1785805214.667309 58267496 tasks.cc:490] Failed to get prefill profile summary: INVALID_ARGUMENT: ERROR: [third_party/odml/litert_lm/runtime/executor/llm_litert_compiled_model_executor.cc:1704]
└ ERROR: [./third_party/odml/litert/litert/cc/litert_profiler.h:91]
=== Source Location Trace: ===
./third_party/odml/litert/litert/cc/litert_macros.h:547
W0000 00:00:1785805224.390371 58267496 tasks.cc:672] Failed to get decode profile summary: INVALID_ARGUMENT: ERROR: [third_party/odml/litert_lm/runtime/executor/llm_litert_compiled_model_executor.cc:1704]
└ ERROR: [./third_party/odml/litert/litert/cc/litert_profiler.h:91]
=== Source Location Trace: ===
./third_party/odml/litert/litert/cc/litert_macros.h:547
  q 38/100 .. pred=0 gold=2 gen=1189 (10s)
W0000 00:00:1785805224.391295 58267451 mel_filterbank.cc:137] Missing 10 bands  starting at 0 in mel-frequency design. Perhaps too many channels or not enough frequency resolution in spectrum. (fft_length: 257 sample_rate: 16000 mel_channel_count: 128 lower_frequency_limit: 0 upper_frequency_limit: 8000
W0000 00:00:1785805224.413656 58267496 tasks.cc:490] Failed to get prefill profile summary: INVALID_ARGUMENT: ERROR: [third_party/odml/litert_lm/runtime/executor/llm_litert_compiled_model_executor.cc:1704]
└ ERROR: [./third_party/odml/litert/litert/cc/litert_profiler.h:91]
=== Source Location Trace: ===
./third_party/odml/litert/litert/cc/litert_macros.h:547
W0000 00:00:1785805229.974441 58267496 tasks.cc:672] Failed to get decode profile summary: INVALID_ARGUMENT: ERROR: [third_party/odml/litert_lm/runtime/executor/llm_litert_compiled_model_executor.cc:1704]
└ ERROR: [./third_party/odml/litert/litert/cc/litert_profiler.h:91]
=== Source Location Trace: ===
./third_party/odml/litert/litert/cc/litert_macros.h:547
  q 39/100 OK pred=10 gold=10 gen=683 (6s)
W0000 00:00:1785805229.975336 58267451 mel_filterbank.cc:137] Missing 10 bands  starting at 0 in mel-frequency design. Perhaps too many channels or not enough frequency resolution in spectrum. (fft_length: 257 sample_rate: 16000 mel_channel_count: 128 lower_frequency_limit: 0 upper_frequency_limit: 8000
W0000 00:00:1785805229.997930 58267496 tasks.cc:490] Failed to get prefill profile summary: INVALID_ARGUMENT: ERROR: [third_party/odml/litert_lm/runtime/executor/llm_litert_compiled_model_executor.cc:1704]
└ ERROR: [./third_party/odml/litert/litert/cc/litert_profiler.h:91]
=== Source Location Trace: ===
./third_party/odml/litert/litert/cc/litert_macros.h:547
W0000 00:00:1785805241.804770 58267496 tasks.cc:672] Failed to get decode profile summary: INVALID_ARGUMENT: ERROR: [third_party/odml/litert_lm/runtime/executor/llm_litert_compiled_model_executor.cc:1704]
└ ERROR: [./third_party/odml/litert/litert/cc/litert_profiler.h:91]
=== Source Location Trace: ===
./third_party/odml/litert/litert/cc/litert_macros.h:547
  q 40/100 OK pred=18 gold=18 gen=1442 (12s)
W0000 00:00:1785805241.805674 58267451 mel_filterbank.cc:137] Missing 10 bands  starting at 0 in mel-frequency design. Perhaps too many channels or not enough frequency resolution in spectrum. (fft_length: 257 sample_rate: 16000 mel_channel_count: 128 lower_frequency_limit: 0 upper_frequency_limit: 8000
W0000 00:00:1785805241.827980 58267496 tasks.cc:490] Failed to get prefill profile summary: INVALID_ARGUMENT: ERROR: [third_party/odml/litert_lm/runtime/executor/llm_litert_compiled_model_executor.cc:1704]
└ ERROR: [./third_party/odml/litert/litert/cc/litert_profiler.h:91]
=== Source Location Trace: ===
./third_party/odml/litert/litert/cc/litert_macros.h:547
W0000 00:00:1785805247.112350 58267496 tasks.cc:672] Failed to get decode profile summary: INVALID_ARGUMENT: ERROR: [third_party/odml/litert_lm/runtime/executor/llm_litert_compiled_model_executor.cc:1704]
└ ERROR: [./third_party/odml/litert/litert/cc/litert_profiler.h:91]
=== Source Location Trace: ===
./third_party/odml/litert/litert/cc/litert_macros.h:547
  q 41/100 OK pred=8 gold=8 gen=649 (5s)
W0000 00:00:1785805247.113291 58267451 mel_filterbank.cc:137] Missing 10 bands  starting at 0 in mel-frequency design. Perhaps too many channels or not enough frequency resolution in spectrum. (fft_length: 257 sample_rate: 16000 mel_channel_count: 128 lower_frequency_limit: 0 upper_frequency_limit: 8000
W0000 00:00:1785805247.155870 58267496 tasks.cc:490] Failed to get prefill profile summary: INVALID_ARGUMENT: ERROR: [third_party/odml/litert_lm/runtime/executor/llm_litert_compiled_model_executor.cc:1704]
└ ERROR: [./third_party/odml/litert/litert/cc/litert_profiler.h:91]
=== Source Location Trace: ===
./third_party/odml/litert/litert/cc/litert_macros.h:547
W0000 00:00:1785805259.932302 58267496 tasks.cc:672] Failed to get decode profile summary: INVALID_ARGUMENT: ERROR: [third_party/odml/litert_lm/runtime/executor/llm_litert_compiled_model_executor.cc:1704]
└ ERROR: [./third_party/odml/litert/litert/cc/litert_profiler.h:91]
=== Source Location Trace: ===
./third_party/odml/litert/litert/cc/litert_macros.h:547
  q 42/100 .. pred=1200 gold=200 gen=1574 (13s)
W0000 00:00:1785805259.933266 58267451 mel_filterbank.cc:137] Missing 10 bands  starting at 0 in mel-frequency design. Perhaps too many channels or not enough frequency resolution in spectrum. (fft_length: 257 sample_rate: 16000 mel_channel_count: 128 lower_frequency_limit: 0 upper_frequency_limit: 8000
W0000 00:00:1785805259.955897 58267496 tasks.cc:490] Failed to get prefill profile summary: INVALID_ARGUMENT: ERROR: [third_party/odml/litert_lm/runtime/executor/llm_litert_compiled_model_executor.cc:1704]
└ ERROR: [./third_party/odml/litert/litert/cc/litert_profiler.h:91]
=== Source Location Trace: ===
./third_party/odml/litert/litert/cc/litert_macros.h:547
W0000 00:00:1785805263.564640 58267496 tasks.cc:672] Failed to get decode profile summary: INVALID_ARGUMENT: ERROR: [third_party/odml/litert_lm/runtime/executor/llm_litert_compiled_model_executor.cc:1704]
└ ERROR: [./third_party/odml/litert/litert/cc/litert_profiler.h:91]
=== Source Location Trace: ===
./third_party/odml/litert/litert/cc/litert_macros.h:547
  q 43/100 OK pred=26 gold=26 gen=444 (4s)
W0000 00:00:1785805263.565530 58267451 mel_filterbank.cc:137] Missing 10 bands  starting at 0 in mel-frequency design. Perhaps too many channels or not enough frequency resolution in spectrum. (fft_length: 257 sample_rate: 16000 mel_channel_count: 128 lower_frequency_limit: 0 upper_frequency_limit: 8000
W0000 00:00:1785805263.588171 58267496 tasks.cc:490] Failed to get prefill profile summary: INVALID_ARGUMENT: ERROR: [third_party/odml/litert_lm/runtime/executor/llm_litert_compiled_model_executor.cc:1704]
└ ERROR: [./third_party/odml/litert/litert/cc/litert_profiler.h:91]
=== Source Location Trace: ===
./third_party/odml/litert/litert/cc/litert_macros.h:547
W0000 00:00:1785805280.606674 58267496 tasks.cc:672] Failed to get decode profile summary: INVALID_ARGUMENT: ERROR: [third_party/odml/litert_lm/runtime/executor/llm_litert_compiled_model_executor.cc:1704]
└ ERROR: [./third_party/odml/litert/litert/cc/litert_profiler.h:91]
=== Source Location Trace: ===
./third_party/odml/litert/litert/cc/litert_macros.h:547
  q 44/100 .. pred=None gold=48 gen=2048 (17s)
W0000 00:00:1785805280.607560 58267451 mel_filterbank.cc:137] Missing 10 bands  starting at 0 in mel-frequency design. Perhaps too many channels or not enough frequency resolution in spectrum. (fft_length: 257 sample_rate: 16000 mel_channel_count: 128 lower_frequency_limit: 0 upper_frequency_limit: 8000
W0000 00:00:1785805280.629804 58267496 tasks.cc:490] Failed to get prefill profile summary: INVALID_ARGUMENT: ERROR: [third_party/odml/litert_lm/runtime/executor/llm_litert_compiled_model_executor.cc:1704]
└ ERROR: [./third_party/odml/litert/litert/cc/litert_profiler.h:91]
=== Source Location Trace: ===
./third_party/odml/litert/litert/cc/litert_macros.h:547
W0000 00:00:1785805287.850890 58267496 tasks.cc:672] Failed to get decode profile summary: INVALID_ARGUMENT: ERROR: [third_party/odml/litert_lm/runtime/executor/llm_litert_compiled_model_executor.cc:1704]
└ ERROR: [./third_party/odml/litert/litert/cc/litert_profiler.h:91]
=== Source Location Trace: ===
./third_party/odml/litert/litert/cc/litert_macros.h:547
  q 45/100 OK pred=20 gold=20 gen=897 (7s)
W0000 00:00:1785805287.851806 58267451 mel_filterbank.cc:137] Missing 10 bands  starting at 0 in mel-frequency design. Perhaps too many channels or not enough frequency resolution in spectrum. (fft_length: 257 sample_rate: 16000 mel_channel_count: 128 lower_frequency_limit: 0 upper_frequency_limit: 8000
W0000 00:00:1785805287.893991 58267496 tasks.cc:490] Failed to get prefill profile summary: INVALID_ARGUMENT: ERROR: [third_party/odml/litert_lm/runtime/executor/llm_litert_compiled_model_executor.cc:1704]
└ ERROR: [./third_party/odml/litert/litert/cc/litert_profiler.h:91]
=== Source Location Trace: ===
./third_party/odml/litert/litert/cc/litert_macros.h:547
W0000 00:00:1785805296.492708 58267496 tasks.cc:672] Failed to get decode profile summary: INVALID_ARGUMENT: ERROR: [third_party/odml/litert_lm/runtime/executor/llm_litert_compiled_model_executor.cc:1704]
└ ERROR: [./third_party/odml/litert/litert/cc/litert_profiler.h:91]
=== Source Location Trace: ===
./third_party/odml/litert/litert/cc/litert_macros.h:547
  q 46/100 OK pred=104 gold=104 gen=1058 (9s)
W0000 00:00:1785805296.493651 58267451 mel_filterbank.cc:137] Missing 10 bands  starting at 0 in mel-frequency design. Perhaps too many channels or not enough frequency resolution in spectrum. (fft_length: 257 sample_rate: 16000 mel_channel_count: 128 lower_frequency_limit: 0 upper_frequency_limit: 8000
W0000 00:00:1785805296.535955 58267496 tasks.cc:490] Failed to get prefill profile summary: INVALID_ARGUMENT: ERROR: [third_party/odml/litert_lm/runtime/executor/llm_litert_compiled_model_executor.cc:1704]
└ ERROR: [./third_party/odml/litert/litert/cc/litert_profiler.h:91]
=== Source Location Trace: ===
./third_party/odml/litert/litert/cc/litert_macros.h:547
W0000 00:00:1785805302.500333 58267496 tasks.cc:672] Failed to get decode profile summary: INVALID_ARGUMENT: ERROR: [third_party/odml/litert_lm/runtime/executor/llm_litert_compiled_model_executor.cc:1704]
└ ERROR: [./third_party/odml/litert/litert/cc/litert_profiler.h:91]
=== Source Location Trace: ===
./third_party/odml/litert/litert/cc/litert_macros.h:547
  q 47/100 OK pred=163 gold=163 gen=737 (6s)
W0000 00:00:1785805302.501241 58267451 mel_filterbank.cc:137] Missing 10 bands  starting at 0 in mel-frequency design. Perhaps too many channels or not enough frequency resolution in spectrum. (fft_length: 257 sample_rate: 16000 mel_channel_count: 128 lower_frequency_limit: 0 upper_frequency_limit: 8000
W0000 00:00:1785805302.523744 58267496 tasks.cc:490] Failed to get prefill profile summary: INVALID_ARGUMENT: ERROR: [third_party/odml/litert_lm/runtime/executor/llm_litert_compiled_model_executor.cc:1704]
└ ERROR: [./third_party/odml/litert/litert/cc/litert_profiler.h:91]
=== Source Location Trace: ===
./third_party/odml/litert/litert/cc/litert_macros.h:547
W0000 00:00:1785805311.381313 58267496 tasks.cc:672] Failed to get decode profile summary: INVALID_ARGUMENT: ERROR: [third_party/odml/litert_lm/runtime/executor/llm_litert_compiled_model_executor.cc:1704]
└ ERROR: [./third_party/odml/litert/litert/cc/litert_profiler.h:91]
=== Source Location Trace: ===
./third_party/odml/litert/litert/cc/litert_macros.h:547
  q 48/100 OK pred=800 gold=800 gen=1091 (9s)
W0000 00:00:1785805311.382198 58267451 mel_filterbank.cc:137] Missing 10 bands  starting at 0 in mel-frequency design. Perhaps too many channels or not enough frequency resolution in spectrum. (fft_length: 257 sample_rate: 16000 mel_channel_count: 128 lower_frequency_limit: 0 upper_frequency_limit: 8000
W0000 00:00:1785805311.404201 58267496 tasks.cc:490] Failed to get prefill profile summary: INVALID_ARGUMENT: ERROR: [third_party/odml/litert_lm/runtime/executor/llm_litert_compiled_model_executor.cc:1704]
└ ERROR: [./third_party/odml/litert/litert/cc/litert_profiler.h:91]
=== Source Location Trace: ===
./third_party/odml/litert/litert/cc/litert_macros.h:547
W0000 00:00:1785805316.657818 58267496 tasks.cc:672] Failed to get decode profile summary: INVALID_ARGUMENT: ERROR: [third_party/odml/litert_lm/runtime/executor/llm_litert_compiled_model_executor.cc:1704]
└ ERROR: [./third_party/odml/litert/litert/cc/litert_profiler.h:91]
=== Source Location Trace: ===
./third_party/odml/litert/litert/cc/litert_macros.h:547
  q 49/100 OK pred=8 gold=8 gen=648 (5s)
W0000 00:00:1785805316.658746 58267451 mel_filterbank.cc:137] Missing 10 bands  starting at 0 in mel-frequency design. Perhaps too many channels or not enough frequency resolution in spectrum. (fft_length: 257 sample_rate: 16000 mel_channel_count: 128 lower_frequency_limit: 0 upper_frequency_limit: 8000
W0000 00:00:1785805316.681437 58267496 tasks.cc:490] Failed to get prefill profile summary: INVALID_ARGUMENT: ERROR: [third_party/odml/litert_lm/runtime/executor/llm_litert_compiled_model_executor.cc:1704]
└ ERROR: [./third_party/odml/litert/litert/cc/litert_profiler.h:91]
=== Source Location Trace: ===
./third_party/odml/litert/litert/cc/litert_macros.h:547
W0000 00:00:1785805322.087632 58267496 tasks.cc:672] Failed to get decode profile summary: INVALID_ARGUMENT: ERROR: [third_party/odml/litert_lm/runtime/executor/llm_litert_compiled_model_executor.cc:1704]
└ ERROR: [./third_party/odml/litert/litert/cc/litert_profiler.h:91]
=== Source Location Trace: ===
./third_party/odml/litert/litert/cc/litert_macros.h:547
  q 50/100 OK pred=30 gold=30 gen=668 (5s)
W0000 00:00:1785805322.088566 58267451 mel_filterbank.cc:137] Missing 10 bands  starting at 0 in mel-frequency design. Perhaps too many channels or not enough frequency resolution in spectrum. (fft_length: 257 sample_rate: 16000 mel_channel_count: 128 lower_frequency_limit: 0 upper_frequency_limit: 8000
W0000 00:00:1785805322.111161 58267496 tasks.cc:490] Failed to get prefill profile summary: INVALID_ARGUMENT: ERROR: [third_party/odml/litert_lm/runtime/executor/llm_litert_compiled_model_executor.cc:1704]
└ ERROR: [./third_party/odml/litert/litert/cc/litert_profiler.h:91]
=== Source Location Trace: ===
./third_party/odml/litert/litert/cc/litert_macros.h:547
W0000 00:00:1785805329.114688 58267496 tasks.cc:672] Failed to get decode profile summary: INVALID_ARGUMENT: ERROR: [third_party/odml/litert_lm/runtime/executor/llm_litert_compiled_model_executor.cc:1704]
└ ERROR: [./third_party/odml/litert/litert/cc/litert_profiler.h:91]
=== Source Location Trace: ===
./third_party/odml/litert/litert/cc/litert_macros.h:547
  q 51/100 OK pred=294 gold=294 gen=864 (7s)
W0000 00:00:1785805329.115608 58267451 mel_filterbank.cc:137] Missing 10 bands  starting at 0 in mel-frequency design. Perhaps too many channels or not enough frequency resolution in spectrum. (fft_length: 257 sample_rate: 16000 mel_channel_count: 128 lower_frequency_limit: 0 upper_frequency_limit: 8000
W0000 00:00:1785805329.137918 58267496 tasks.cc:490] Failed to get prefill profile summary: INVALID_ARGUMENT: ERROR: [third_party/odml/litert_lm/runtime/executor/llm_litert_compiled_model_executor.cc:1704]
└ ERROR: [./third_party/odml/litert/litert/cc/litert_profiler.h:91]
=== Source Location Trace: ===
./third_party/odml/litert/litert/cc/litert_macros.h:547
W0000 00:00:1785805338.206970 58267496 tasks.cc:672] Failed to get decode profile summary: INVALID_ARGUMENT: ERROR: [third_party/odml/litert_lm/runtime/executor/llm_litert_compiled_model_executor.cc:1704]
└ ERROR: [./third_party/odml/litert/litert/cc/litert_profiler.h:91]
=== Source Location Trace: ===
./third_party/odml/litert/litert/cc/litert_macros.h:547
  q 52/100 OK pred=5 gold=5 gen=1113 (9s)
W0000 00:00:1785805338.207939 58267451 mel_filterbank.cc:137] Missing 10 bands  starting at 0 in mel-frequency design. Perhaps too many channels or not enough frequency resolution in spectrum. (fft_length: 257 sample_rate: 16000 mel_channel_count: 128 lower_frequency_limit: 0 upper_frequency_limit: 8000
W0000 00:00:1785805338.230364 58267496 tasks.cc:490] Failed to get prefill profile summary: INVALID_ARGUMENT: ERROR: [third_party/odml/litert_lm/runtime/executor/llm_litert_compiled_model_executor.cc:1704]
└ ERROR: [./third_party/odml/litert/litert/cc/litert_profiler.h:91]
=== Source Location Trace: ===
./third_party/odml/litert/litert/cc/litert_macros.h:547
W0000 00:00:1785805344.220270 58267496 tasks.cc:672] Failed to get decode profile summary: INVALID_ARGUMENT: ERROR: [third_party/odml/litert_lm/runtime/executor/llm_litert_compiled_model_executor.cc:1704]
└ ERROR: [./third_party/odml/litert/litert/cc/litert_profiler.h:91]
=== Source Location Trace: ===
./third_party/odml/litert/litert/cc/litert_macros.h:547
  q 53/100 OK pred=15 gold=15 gen=739 (6s)
W0000 00:00:1785805344.221163 58267451 mel_filterbank.cc:137] Missing 10 bands  starting at 0 in mel-frequency design. Perhaps too many channels or not enough frequency resolution in spectrum. (fft_length: 257 sample_rate: 16000 mel_channel_count: 128 lower_frequency_limit: 0 upper_frequency_limit: 8000
W0000 00:00:1785805344.263419 58267496 tasks.cc:490] Failed to get prefill profile summary: INVALID_ARGUMENT: ERROR: [third_party/odml/litert_lm/runtime/executor/llm_litert_compiled_model_executor.cc:1704]
└ ERROR: [./third_party/odml/litert/litert/cc/litert_profiler.h:91]
=== Source Location Trace: ===
./third_party/odml/litert/litert/cc/litert_macros.h:547
W0000 00:00:1785805350.734764 58267496 tasks.cc:672] Failed to get decode profile summary: INVALID_ARGUMENT: ERROR: [third_party/odml/litert_lm/runtime/executor/llm_litert_compiled_model_executor.cc:1704]
└ ERROR: [./third_party/odml/litert/litert/cc/litert_profiler.h:91]
=== Source Location Trace: ===
./third_party/odml/litert/litert/cc/litert_macros.h:547
  q 54/100 OK pred=40 gold=40 gen=797 (7s)
W0000 00:00:1785805350.735674 58267451 mel_filterbank.cc:137] Missing 10 bands  starting at 0 in mel-frequency design. Perhaps too many channels or not enough frequency resolution in spectrum. (fft_length: 257 sample_rate: 16000 mel_channel_count: 128 lower_frequency_limit: 0 upper_frequency_limit: 8000
W0000 00:00:1785805350.758432 58267496 tasks.cc:490] Failed to get prefill profile summary: INVALID_ARGUMENT: ERROR: [third_party/odml/litert_lm/runtime/executor/llm_litert_compiled_model_executor.cc:1704]
└ ERROR: [./third_party/odml/litert/litert/cc/litert_profiler.h:91]
=== Source Location Trace: ===
./third_party/odml/litert/litert/cc/litert_macros.h:547
W0000 00:00:1785805356.904922 58267496 tasks.cc:672] Failed to get decode profile summary: INVALID_ARGUMENT: ERROR: [third_party/odml/litert_lm/runtime/executor/llm_litert_compiled_model_executor.cc:1704]
└ ERROR: [./third_party/odml/litert/litert/cc/litert_profiler.h:91]
=== Source Location Trace: ===
./third_party/odml/litert/litert/cc/litert_macros.h:547
  q 55/100 OK pred=40 gold=40 gen=756 (6s)
W0000 00:00:1785805356.905838 58267451 mel_filterbank.cc:137] Missing 10 bands  starting at 0 in mel-frequency design. Perhaps too many channels or not enough frequency resolution in spectrum. (fft_length: 257 sample_rate: 16000 mel_channel_count: 128 lower_frequency_limit: 0 upper_frequency_limit: 8000
W0000 00:00:1785805356.928071 58267496 tasks.cc:490] Failed to get prefill profile summary: INVALID_ARGUMENT: ERROR: [third_party/odml/litert_lm/runtime/executor/llm_litert_compiled_model_executor.cc:1704]
└ ERROR: [./third_party/odml/litert/litert/cc/litert_profiler.h:91]
=== Source Location Trace: ===
./third_party/odml/litert/litert/cc/litert_macros.h:547
W0000 00:00:1785805360.462649 58267496 tasks.cc:672] Failed to get decode profile summary: INVALID_ARGUMENT: ERROR: [third_party/odml/litert_lm/runtime/executor/llm_litert_compiled_model_executor.cc:1704]
└ ERROR: [./third_party/odml/litert/litert/cc/litert_profiler.h:91]
=== Source Location Trace: ===
./third_party/odml/litert/litert/cc/litert_macros.h:547
  q 56/100 OK pred=14 gold=14 gen=437 (4s)
W0000 00:00:1785805360.463533 58267451 mel_filterbank.cc:137] Missing 10 bands  starting at 0 in mel-frequency design. Perhaps too many channels or not enough frequency resolution in spectrum. (fft_length: 257 sample_rate: 16000 mel_channel_count: 128 lower_frequency_limit: 0 upper_frequency_limit: 8000
W0000 00:00:1785805360.485789 58267496 tasks.cc:490] Failed to get prefill profile summary: INVALID_ARGUMENT: ERROR: [third_party/odml/litert_lm/runtime/executor/llm_litert_compiled_model_executor.cc:1704]
└ ERROR: [./third_party/odml/litert/litert/cc/litert_profiler.h:91]
=== Source Location Trace: ===
./third_party/odml/litert/litert/cc/litert_macros.h:547
W0000 00:00:1785805364.573128 58267496 tasks.cc:672] Failed to get decode profile summary: INVALID_ARGUMENT: ERROR: [third_party/odml/litert_lm/runtime/executor/llm_litert_compiled_model_executor.cc:1704]
└ ERROR: [./third_party/odml/litert/litert/cc/litert_profiler.h:91]
=== Source Location Trace: ===
./third_party/odml/litert/litert/cc/litert_macros.h:547
  q 57/100 OK pred=3 gold=3 gen=506 (4s)
W0000 00:00:1785805364.574045 58267451 mel_filterbank.cc:137] Missing 10 bands  starting at 0 in mel-frequency design. Perhaps too many channels or not enough frequency resolution in spectrum. (fft_length: 257 sample_rate: 16000 mel_channel_count: 128 lower_frequency_limit: 0 upper_frequency_limit: 8000
W0000 00:00:1785805364.596450 58267496 tasks.cc:490] Failed to get prefill profile summary: INVALID_ARGUMENT: ERROR: [third_party/odml/litert_lm/runtime/executor/llm_litert_compiled_model_executor.cc:1704]
└ ERROR: [./third_party/odml/litert/litert/cc/litert_profiler.h:91]
=== Source Location Trace: ===
./third_party/odml/litert/litert/cc/litert_macros.h:547
W0000 00:00:1785805373.005483 58267496 tasks.cc:672] Failed to get decode profile summary: INVALID_ARGUMENT: ERROR: [third_party/odml/litert_lm/runtime/executor/llm_litert_compiled_model_executor.cc:1704]
└ ERROR: [./third_party/odml/litert/litert/cc/litert_profiler.h:91]
=== Source Location Trace: ===
./third_party/odml/litert/litert/cc/litert_macros.h:547
  q 58/100 OK pred=83 gold=83 gen=1035 (8s)
W0000 00:00:1785805373.006399 58267451 mel_filterbank.cc:137] Missing 10 bands  starting at 0 in mel-frequency design. Perhaps too many channels or not enough frequency resolution in spectrum. (fft_length: 257 sample_rate: 16000 mel_channel_count: 128 lower_frequency_limit: 0 upper_frequency_limit: 8000
W0000 00:00:1785805373.029061 58267496 tasks.cc:490] Failed to get prefill profile summary: INVALID_ARGUMENT: ERROR: [third_party/odml/litert_lm/runtime/executor/llm_litert_compiled_model_executor.cc:1704]
└ ERROR: [./third_party/odml/litert/litert/cc/litert_profiler.h:91]
=== Source Location Trace: ===
./third_party/odml/litert/litert/cc/litert_macros.h:547
W0000 00:00:1785805382.078716 58267496 tasks.cc:672] Failed to get decode profile summary: INVALID_ARGUMENT: ERROR: [third_party/odml/litert_lm/runtime/executor/llm_litert_compiled_model_executor.cc:1704]
└ ERROR: [./third_party/odml/litert/litert/cc/litert_profiler.h:91]
=== Source Location Trace: ===
./third_party/odml/litert/litert/cc/litert_macros.h:547
  q 59/100 OK pred=57 gold=57 gen=1105 (9s)
W0000 00:00:1785805382.079634 58267451 mel_filterbank.cc:137] Missing 10 bands  starting at 0 in mel-frequency design. Perhaps too many channels or not enough frequency resolution in spectrum. (fft_length: 257 sample_rate: 16000 mel_channel_count: 128 lower_frequency_limit: 0 upper_frequency_limit: 8000
W0000 00:00:1785805382.101768 58267496 tasks.cc:490] Failed to get prefill profile summary: INVALID_ARGUMENT: ERROR: [third_party/odml/litert_lm/runtime/executor/llm_litert_compiled_model_executor.cc:1704]
└ ERROR: [./third_party/odml/litert/litert/cc/litert_profiler.h:91]
=== Source Location Trace: ===
./third_party/odml/litert/litert/cc/litert_macros.h:547
W0000 00:00:1785805386.732479 58267496 tasks.cc:672] Failed to get decode profile summary: INVALID_ARGUMENT: ERROR: [third_party/odml/litert_lm/runtime/executor/llm_litert_compiled_model_executor.cc:1704]
└ ERROR: [./third_party/odml/litert/litert/cc/litert_profiler.h:91]
=== Source Location Trace: ===
./third_party/odml/litert/litert/cc/litert_macros.h:547
  q 60/100 OK pred=187 gold=187 gen=572 (5s)
W0000 00:00:1785805386.733393 58267451 mel_filterbank.cc:137] Missing 10 bands  starting at 0 in mel-frequency design. Perhaps too many channels or not enough frequency resolution in spectrum. (fft_length: 257 sample_rate: 16000 mel_channel_count: 128 lower_frequency_limit: 0 upper_frequency_limit: 8000
W0000 00:00:1785805386.755850 58267496 tasks.cc:490] Failed to get prefill profile summary: INVALID_ARGUMENT: ERROR: [third_party/odml/litert_lm/runtime/executor/llm_litert_compiled_model_executor.cc:1704]
└ ERROR: [./third_party/odml/litert/litert/cc/litert_profiler.h:91]
=== Source Location Trace: ===
./third_party/odml/litert/litert/cc/litert_macros.h:547
W0000 00:00:1785805393.714345 58267496 tasks.cc:672] Failed to get decode profile summary: INVALID_ARGUMENT: ERROR: [third_party/odml/litert_lm/runtime/executor/llm_litert_compiled_model_executor.cc:1704]
└ ERROR: [./third_party/odml/litert/litert/cc/litert_profiler.h:91]
=== Source Location Trace: ===
./third_party/odml/litert/litert/cc/litert_macros.h:547
  q 61/100 OK pred=17 gold=17 gen=856 (7s)
W0000 00:00:1785805393.715337 58267451 mel_filterbank.cc:137] Missing 10 bands  starting at 0 in mel-frequency design. Perhaps too many channels or not enough frequency resolution in spectrum. (fft_length: 257 sample_rate: 16000 mel_channel_count: 128 lower_frequency_limit: 0 upper_frequency_limit: 8000
W0000 00:00:1785805393.738435 58267496 tasks.cc:490] Failed to get prefill profile summary: INVALID_ARGUMENT: ERROR: [third_party/odml/litert_lm/runtime/executor/llm_litert_compiled_model_executor.cc:1704]
└ ERROR: [./third_party/odml/litert/litert/cc/litert_profiler.h:91]
=== Source Location Trace: ===
./third_party/odml/litert/litert/cc/litert_macros.h:547
W0000 00:00:1785805398.545756 58267496 tasks.cc:672] Failed to get decode profile summary: INVALID_ARGUMENT: ERROR: [third_party/odml/litert_lm/runtime/executor/llm_litert_compiled_model_executor.cc:1704]
└ ERROR: [./third_party/odml/litert/litert/cc/litert_profiler.h:91]
=== Source Location Trace: ===
./third_party/odml/litert/litert/cc/litert_macros.h:547
  q 62/100 OK pred=1430 gold=1430 gen=586 (5s)
W0000 00:00:1785805398.546630 58267451 mel_filterbank.cc:137] Missing 10 bands  starting at 0 in mel-frequency design. Perhaps too many channels or not enough frequency resolution in spectrum. (fft_length: 257 sample_rate: 16000 mel_channel_count: 128 lower_frequency_limit: 0 upper_frequency_limit: 8000
W0000 00:00:1785805398.568997 58267496 tasks.cc:490] Failed to get prefill profile summary: INVALID_ARGUMENT: ERROR: [third_party/odml/litert_lm/runtime/executor/llm_litert_compiled_model_executor.cc:1704]
└ ERROR: [./third_party/odml/litert/litert/cc/litert_profiler.h:91]
=== Source Location Trace: ===
./third_party/odml/litert/litert/cc/litert_macros.h:547
W0000 00:00:1785805414.024920 58267496 tasks.cc:672] Failed to get decode profile summary: INVALID_ARGUMENT: ERROR: [third_party/odml/litert_lm/runtime/executor/llm_litert_compiled_model_executor.cc:1704]
└ ERROR: [./third_party/odml/litert/litert/cc/litert_profiler.h:91]
=== Source Location Trace: ===
./third_party/odml/litert/litert/cc/litert_macros.h:547
  q 63/100 .. pred=2500 gold=25000 gen=1886 (15s)
W0000 00:00:1785805414.025948 58267451 mel_filterbank.cc:137] Missing 10 bands  starting at 0 in mel-frequency design. Perhaps too many channels or not enough frequency resolution in spectrum. (fft_length: 257 sample_rate: 16000 mel_channel_count: 128 lower_frequency_limit: 0 upper_frequency_limit: 8000
W0000 00:00:1785805414.048686 58267496 tasks.cc:490] Failed to get prefill profile summary: INVALID_ARGUMENT: ERROR: [third_party/odml/litert_lm/runtime/executor/llm_litert_compiled_model_executor.cc:1704]
└ ERROR: [./third_party/odml/litert/litert/cc/litert_profiler.h:91]
=== Source Location Trace: ===
./third_party/odml/litert/litert/cc/litert_macros.h:547
W0000 00:00:1785805421.427688 58267496 tasks.cc:672] Failed to get decode profile summary: INVALID_ARGUMENT: ERROR: [third_party/odml/litert_lm/runtime/executor/llm_litert_compiled_model_executor.cc:1704]
└ ERROR: [./third_party/odml/litert/litert/cc/litert_profiler.h:91]
=== Source Location Trace: ===
./third_party/odml/litert/litert/cc/litert_macros.h:547
  q 64/100 OK pred=1596 gold=1596 gen=906 (7s)
W0000 00:00:1785805421.428602 58267451 mel_filterbank.cc:137] Missing 10 bands  starting at 0 in mel-frequency design. Perhaps too many channels or not enough frequency resolution in spectrum. (fft_length: 257 sample_rate: 16000 mel_channel_count: 128 lower_frequency_limit: 0 upper_frequency_limit: 8000
W0000 00:00:1785805421.470972 58267496 tasks.cc:490] Failed to get prefill profile summary: INVALID_ARGUMENT: ERROR: [third_party/odml/litert_lm/runtime/executor/llm_litert_compiled_model_executor.cc:1704]
└ ERROR: [./third_party/odml/litert/litert/cc/litert_profiler.h:91]
=== Source Location Trace: ===
./third_party/odml/litert/litert/cc/litert_macros.h:547
W0000 00:00:1785805431.171294 58267496 tasks.cc:672] Failed to get decode profile summary: INVALID_ARGUMENT: ERROR: [third_party/odml/litert_lm/runtime/executor/llm_litert_compiled_model_executor.cc:1704]
└ ERROR: [./third_party/odml/litert/litert/cc/litert_profiler.h:91]
=== Source Location Trace: ===
./third_party/odml/litert/litert/cc/litert_macros.h:547
  q 65/100 OK pred=300 gold=300 gen=1186 (10s)
W0000 00:00:1785805431.172210 58267451 mel_filterbank.cc:137] Missing 10 bands  starting at 0 in mel-frequency design. Perhaps too many channels or not enough frequency resolution in spectrum. (fft_length: 257 sample_rate: 16000 mel_channel_count: 128 lower_frequency_limit: 0 upper_frequency_limit: 8000
W0000 00:00:1785805431.194554 58267496 tasks.cc:490] Failed to get prefill profile summary: INVALID_ARGUMENT: ERROR: [third_party/odml/litert_lm/runtime/executor/llm_litert_compiled_model_executor.cc:1704]
└ ERROR: [./third_party/odml/litert/litert/cc/litert_profiler.h:91]
=== Source Location Trace: ===
./third_party/odml/litert/litert/cc/litert_macros.h:547
W0000 00:00:1785805435.838586 58267496 tasks.cc:672] Failed to get decode profile summary: INVALID_ARGUMENT: ERROR: [third_party/odml/litert_lm/runtime/executor/llm_litert_compiled_model_executor.cc:1704]
└ ERROR: [./third_party/odml/litert/litert/cc/litert_profiler.h:91]
=== Source Location Trace: ===
./third_party/odml/litert/litert/cc/litert_macros.h:547
  q 66/100 OK pred=36 gold=36 gen=569 (5s)
W0000 00:00:1785805435.839486 58267451 mel_filterbank.cc:137] Missing 10 bands  starting at 0 in mel-frequency design. Perhaps too many channels or not enough frequency resolution in spectrum. (fft_length: 257 sample_rate: 16000 mel_channel_count: 128 lower_frequency_limit: 0 upper_frequency_limit: 8000
W0000 00:00:1785805435.861738 58267496 tasks.cc:490] Failed to get prefill profile summary: INVALID_ARGUMENT: ERROR: [third_party/odml/litert_lm/runtime/executor/llm_litert_compiled_model_executor.cc:1704]
└ ERROR: [./third_party/odml/litert/litert/cc/litert_profiler.h:91]
=== Source Location Trace: ===
./third_party/odml/litert/litert/cc/litert_macros.h:547
W0000 00:00:1785805446.355003 58267496 tasks.cc:672] Failed to get decode profile summary: INVALID_ARGUMENT: ERROR: [third_party/odml/litert_lm/runtime/executor/llm_litert_compiled_model_executor.cc:1704]
└ ERROR: [./third_party/odml/litert/litert/cc/litert_profiler.h:91]
=== Source Location Trace: ===
./third_party/odml/litert/litert/cc/litert_macros.h:547
  q 67/100 OK pred=48 gold=48 gen=1288 (11s)
W0000 00:00:1785805446.355939 58267451 mel_filterbank.cc:137] Missing 10 bands  starting at 0 in mel-frequency design. Perhaps too many channels or not enough frequency resolution in spectrum. (fft_length: 257 sample_rate: 16000 mel_channel_count: 128 lower_frequency_limit: 0 upper_frequency_limit: 8000
W0000 00:00:1785805446.378536 58267496 tasks.cc:490] Failed to get prefill profile summary: INVALID_ARGUMENT: ERROR: [third_party/odml/litert_lm/runtime/executor/llm_litert_compiled_model_executor.cc:1704]
└ ERROR: [./third_party/odml/litert/litert/cc/litert_profiler.h:91]
=== Source Location Trace: ===
./third_party/odml/litert/litert/cc/litert_macros.h:547
W0000 00:00:1785805451.690804 58267496 tasks.cc:672] Failed to get decode profile summary: INVALID_ARGUMENT: ERROR: [third_party/odml/litert_lm/runtime/executor/llm_litert_compiled_model_executor.cc:1704]
└ ERROR: [./third_party/odml/litert/litert/cc/litert_profiler.h:91]
=== Source Location Trace: ===
./third_party/odml/litert/litert/cc/litert_macros.h:547
  q 68/100 OK pred=595 gold=595 gen=648 (5s)
W0000 00:00:1785805451.691671 58267451 mel_filterbank.cc:137] Missing 10 bands  starting at 0 in mel-frequency design. Perhaps too many channels or not enough frequency resolution in spectrum. (fft_length: 257 sample_rate: 16000 mel_channel_count: 128 lower_frequency_limit: 0 upper_frequency_limit: 8000
W0000 00:00:1785805451.713975 58267496 tasks.cc:490] Failed to get prefill profile summary: INVALID_ARGUMENT: ERROR: [third_party/odml/litert_lm/runtime/executor/llm_litert_compiled_model_executor.cc:1704]
└ ERROR: [./third_party/odml/litert/litert/cc/litert_profiler.h:91]
=== Source Location Trace: ===
./third_party/odml/litert/litert/cc/litert_macros.h:547
W0000 00:00:1785805455.573398 58267496 tasks.cc:672] Failed to get decode profile summary: INVALID_ARGUMENT: ERROR: [third_party/odml/litert_lm/runtime/executor/llm_litert_compiled_model_executor.cc:1704]
└ ERROR: [./third_party/odml/litert/litert/cc/litert_profiler.h:91]
=== Source Location Trace: ===
./third_party/odml/litert/litert/cc/litert_macros.h:547
  q 69/100 OK pred=36 gold=36 gen=476 (4s)
W0000 00:00:1785805455.574267 58267451 mel_filterbank.cc:137] Missing 10 bands  starting at 0 in mel-frequency design. Perhaps too many channels or not enough frequency resolution in spectrum. (fft_length: 257 sample_rate: 16000 mel_channel_count: 128 lower_frequency_limit: 0 upper_frequency_limit: 8000
W0000 00:00:1785805455.596613 58267496 tasks.cc:490] Failed to get prefill profile summary: INVALID_ARGUMENT: ERROR: [third_party/odml/litert_lm/runtime/executor/llm_litert_compiled_model_executor.cc:1704]
└ ERROR: [./third_party/odml/litert/litert/cc/litert_profiler.h:91]
=== Source Location Trace: ===
./third_party/odml/litert/litert/cc/litert_macros.h:547
W0000 00:00:1785805460.530399 58267496 tasks.cc:672] Failed to get decode profile summary: INVALID_ARGUMENT: ERROR: [third_party/odml/litert_lm/runtime/executor/llm_litert_compiled_model_executor.cc:1704]
└ ERROR: [./third_party/odml/litert/litert/cc/litert_profiler.h:91]
=== Source Location Trace: ===
./third_party/odml/litert/litert/cc/litert_macros.h:547
  q 70/100 OK pred=60 gold=60 gen=607 (5s)
W0000 00:00:1785805460.531381 58267451 mel_filterbank.cc:137] Missing 10 bands  starting at 0 in mel-frequency design. Perhaps too many channels or not enough frequency resolution in spectrum. (fft_length: 257 sample_rate: 16000 mel_channel_count: 128 lower_frequency_limit: 0 upper_frequency_limit: 8000
W0000 00:00:1785805460.554175 58267496 tasks.cc:490] Failed to get prefill profile summary: INVALID_ARGUMENT: ERROR: [third_party/odml/litert_lm/runtime/executor/llm_litert_compiled_model_executor.cc:1704]
└ ERROR: [./third_party/odml/litert/litert/cc/litert_profiler.h:91]
=== Source Location Trace: ===
./third_party/odml/litert/litert/cc/litert_macros.h:547
W0000 00:00:1785805468.555510 58267496 tasks.cc:672] Failed to get decode profile summary: INVALID_ARGUMENT: ERROR: [third_party/odml/litert_lm/runtime/executor/llm_litert_compiled_model_executor.cc:1704]
└ ERROR: [./third_party/odml/litert/litert/cc/litert_profiler.h:91]
=== Source Location Trace: ===
./third_party/odml/litert/litert/cc/litert_macros.h:547
  q 71/100 OK pred=7425 gold=7425 gen=971 (8s)
W0000 00:00:1785805468.558868 58267451 mel_filterbank.cc:137] Missing 10 bands  starting at 0 in mel-frequency design. Perhaps too many channels or not enough frequency resolution in spectrum. (fft_length: 257 sample_rate: 16000 mel_channel_count: 128 lower_frequency_limit: 0 upper_frequency_limit: 8000
W0000 00:00:1785805468.581329 58267496 tasks.cc:490] Failed to get prefill profile summary: INVALID_ARGUMENT: ERROR: [third_party/odml/litert_lm/runtime/executor/llm_litert_compiled_model_executor.cc:1704]
└ ERROR: [./third_party/odml/litert/litert/cc/litert_profiler.h:91]
=== Source Location Trace: ===
./third_party/odml/litert/litert/cc/litert_macros.h:547
W0000 00:00:1785805472.362816 58267496 tasks.cc:672] Failed to get decode profile summary: INVALID_ARGUMENT: ERROR: [third_party/odml/litert_lm/runtime/executor/llm_litert_compiled_model_executor.cc:1704]
└ ERROR: [./third_party/odml/litert/litert/cc/litert_profiler.h:91]
=== Source Location Trace: ===
./third_party/odml/litert/litert/cc/litert_macros.h:547
  q 72/100 OK pred=60 gold=60 gen=467 (4s)
W0000 00:00:1785805472.363741 58267451 mel_filterbank.cc:137] Missing 10 bands  starting at 0 in mel-frequency design. Perhaps too many channels or not enough frequency resolution in spectrum. (fft_length: 257 sample_rate: 16000 mel_channel_count: 128 lower_frequency_limit: 0 upper_frequency_limit: 8000
W0000 00:00:1785805472.386345 58267496 tasks.cc:490] Failed to get prefill profile summary: INVALID_ARGUMENT: ERROR: [third_party/odml/litert_lm/runtime/executor/llm_litert_compiled_model_executor.cc:1704]
└ ERROR: [./third_party/odml/litert/litert/cc/litert_profiler.h:91]
=== Source Location Trace: ===
./third_party/odml/litert/litert/cc/litert_macros.h:547
W0000 00:00:1785805477.540661 58267496 tasks.cc:672] Failed to get decode profile summary: INVALID_ARGUMENT: ERROR: [third_party/odml/litert_lm/runtime/executor/llm_litert_compiled_model_executor.cc:1704]
└ ERROR: [./third_party/odml/litert/litert/cc/litert_profiler.h:91]
=== Source Location Trace: ===
./third_party/odml/litert/litert/cc/litert_macros.h:547
  q 73/100 OK pred=221 gold=221 gen=633 (5s)
W0000 00:00:1785805477.541589 58267451 mel_filterbank.cc:137] Missing 10 bands  starting at 0 in mel-frequency design. Perhaps too many channels or not enough frequency resolution in spectrum. (fft_length: 257 sample_rate: 16000 mel_channel_count: 128 lower_frequency_limit: 0 upper_frequency_limit: 8000
W0000 00:00:1785805477.563774 58267496 tasks.cc:490] Failed to get prefill profile summary: INVALID_ARGUMENT: ERROR: [third_party/odml/litert_lm/runtime/executor/llm_litert_compiled_model_executor.cc:1704]
└ ERROR: [./third_party/odml/litert/litert/cc/litert_profiler.h:91]
=== Source Location Trace: ===
./third_party/odml/litert/litert/cc/litert_macros.h:547
W0000 00:00:1785805484.570126 58267496 tasks.cc:672] Failed to get decode profile summary: INVALID_ARGUMENT: ERROR: [third_party/odml/litert_lm/runtime/executor/llm_litert_compiled_model_executor.cc:1704]
└ ERROR: [./third_party/odml/litert/litert/cc/litert_profiler.h:91]
=== Source Location Trace: ===
./third_party/odml/litert/litert/cc/litert_macros.h:547
  q 74/100 OK pred=255 gold=255 gen=856 (7s)
W0000 00:00:1785805484.571026 58267451 mel_filterbank.cc:137] Missing 10 bands  starting at 0 in mel-frequency design. Perhaps too many channels or not enough frequency resolution in spectrum. (fft_length: 257 sample_rate: 16000 mel_channel_count: 128 lower_frequency_limit: 0 upper_frequency_limit: 8000
W0000 00:00:1785805484.613310 58267496 tasks.cc:490] Failed to get prefill profile summary: INVALID_ARGUMENT: ERROR: [third_party/odml/litert_lm/runtime/executor/llm_litert_compiled_model_executor.cc:1704]
└ ERROR: [./third_party/odml/litert/litert/cc/litert_profiler.h:91]
=== Source Location Trace: ===
./third_party/odml/litert/litert/cc/litert_macros.h:547
W0000 00:00:1785805494.437684 58267496 tasks.cc:672] Failed to get decode profile summary: INVALID_ARGUMENT: ERROR: [third_party/odml/litert_lm/runtime/executor/llm_litert_compiled_model_executor.cc:1704]
└ ERROR: [./third_party/odml/litert/litert/cc/litert_profiler.h:91]
=== Source Location Trace: ===
./third_party/odml/litert/litert/cc/litert_macros.h:547
  q 75/100 OK pred=88 gold=88 gen=1206 (10s)
W0000 00:00:1785805494.438963 58267451 mel_filterbank.cc:137] Missing 10 bands  starting at 0 in mel-frequency design. Perhaps too many channels or not enough frequency resolution in spectrum. (fft_length: 257 sample_rate: 16000 mel_channel_count: 128 lower_frequency_limit: 0 upper_frequency_limit: 8000
W0000 00:00:1785805494.461577 58267496 tasks.cc:490] Failed to get prefill profile summary: INVALID_ARGUMENT: ERROR: [third_party/odml/litert_lm/runtime/executor/llm_litert_compiled_model_executor.cc:1704]
└ ERROR: [./third_party/odml/litert/litert/cc/litert_profiler.h:91]
=== Source Location Trace: ===
./third_party/odml/litert/litert/cc/litert_macros.h:547
W0000 00:00:1785805506.211393 58267496 tasks.cc:672] Failed to get decode profile summary: INVALID_ARGUMENT: ERROR: [third_party/odml/litert_lm/runtime/executor/llm_litert_compiled_model_executor.cc:1704]
└ ERROR: [./third_party/odml/litert/litert/cc/litert_profiler.h:91]
=== Source Location Trace: ===
./third_party/odml/litert/litert/cc/litert_macros.h:547
  q 76/100 OK pred=60 gold=60 gen=1431 (12s)
W0000 00:00:1785805506.212322 58267451 mel_filterbank.cc:137] Missing 10 bands  starting at 0 in mel-frequency design. Perhaps too many channels or not enough frequency resolution in spectrum. (fft_length: 257 sample_rate: 16000 mel_channel_count: 128 lower_frequency_limit: 0 upper_frequency_limit: 8000
W0000 00:00:1785805506.254458 58267496 tasks.cc:490] Failed to get prefill profile summary: INVALID_ARGUMENT: ERROR: [third_party/odml/litert_lm/runtime/executor/llm_litert_compiled_model_executor.cc:1704]
└ ERROR: [./third_party/odml/litert/litert/cc/litert_profiler.h:91]
=== Source Location Trace: ===
./third_party/odml/litert/litert/cc/litert_macros.h:547
W0000 00:00:1785805514.966250 58267496 tasks.cc:672] Failed to get decode profile summary: INVALID_ARGUMENT: ERROR: [third_party/odml/litert_lm/runtime/executor/llm_litert_compiled_model_executor.cc:1704]
└ ERROR: [./third_party/odml/litert/litert/cc/litert_profiler.h:91]
=== Source Location Trace: ===
./third_party/odml/litert/litert/cc/litert_macros.h:547
  q 77/100 OK pred=5 gold=5 gen=1070 (9s)
W0000 00:00:1785805514.967196 58267451 mel_filterbank.cc:137] Missing 10 bands  starting at 0 in mel-frequency design. Perhaps too many channels or not enough frequency resolution in spectrum. (fft_length: 257 sample_rate: 16000 mel_channel_count: 128 lower_frequency_limit: 0 upper_frequency_limit: 8000
W0000 00:00:1785805514.989781 58267496 tasks.cc:490] Failed to get prefill profile summary: INVALID_ARGUMENT: ERROR: [third_party/odml/litert_lm/runtime/executor/llm_litert_compiled_model_executor.cc:1704]
└ ERROR: [./third_party/odml/litert/litert/cc/litert_profiler.h:91]
=== Source Location Trace: ===
./third_party/odml/litert/litert/cc/litert_macros.h:547
W0000 00:00:1785805522.039078 58267496 tasks.cc:672] Failed to get decode profile summary: INVALID_ARGUMENT: ERROR: [third_party/odml/litert_lm/runtime/executor/llm_litert_compiled_model_executor.cc:1704]
└ ERROR: [./third_party/odml/litert/litert/cc/litert_profiler.h:91]
=== Source Location Trace: ===
./third_party/odml/litert/litert/cc/litert_macros.h:547
  q 78/100 OK pred=100 gold=100 gen=863 (7s)
W0000 00:00:1785805522.040001 58267451 mel_filterbank.cc:137] Missing 10 bands  starting at 0 in mel-frequency design. Perhaps too many channels or not enough frequency resolution in spectrum. (fft_length: 257 sample_rate: 16000 mel_channel_count: 128 lower_frequency_limit: 0 upper_frequency_limit: 8000
W0000 00:00:1785805522.062279 58267496 tasks.cc:490] Failed to get prefill profile summary: INVALID_ARGUMENT: ERROR: [third_party/odml/litert_lm/runtime/executor/llm_litert_compiled_model_executor.cc:1704]
└ ERROR: [./third_party/odml/litert/litert/cc/litert_profiler.h:91]
=== Source Location Trace: ===
./third_party/odml/litert/litert/cc/litert_macros.h:547
W0000 00:00:1785805529.176154 58267496 tasks.cc:672] Failed to get decode profile summary: INVALID_ARGUMENT: ERROR: [third_party/odml/litert_lm/runtime/executor/llm_litert_compiled_model_executor.cc:1704]
└ ERROR: [./third_party/odml/litert/litert/cc/litert_profiler.h:91]
=== Source Location Trace: ===
./third_party/odml/litert/litert/cc/litert_macros.h:547
  q 79/100 OK pred=6 gold=6 gen=876 (7s)
W0000 00:00:1785805529.177053 58267451 mel_filterbank.cc:137] Missing 10 bands  starting at 0 in mel-frequency design. Perhaps too many channels or not enough frequency resolution in spectrum. (fft_length: 257 sample_rate: 16000 mel_channel_count: 128 lower_frequency_limit: 0 upper_frequency_limit: 8000
W0000 00:00:1785805529.199195 58267496 tasks.cc:490] Failed to get prefill profile summary: INVALID_ARGUMENT: ERROR: [third_party/odml/litert_lm/runtime/executor/llm_litert_compiled_model_executor.cc:1704]
└ ERROR: [./third_party/odml/litert/litert/cc/litert_profiler.h:91]
=== Source Location Trace: ===
./third_party/odml/litert/litert/cc/litert_macros.h:547
W0000 00:00:1785805533.194128 58267496 tasks.cc:672] Failed to get decode profile summary: INVALID_ARGUMENT: ERROR: [third_party/odml/litert_lm/runtime/executor/llm_litert_compiled_model_executor.cc:1704]
└ ERROR: [./third_party/odml/litert/litert/cc/litert_profiler.h:91]
=== Source Location Trace: ===
./third_party/odml/litert/litert/cc/litert_macros.h:547
  q 80/100 OK pred=70 gold=70 gen=490 (4s)
W0000 00:00:1785805533.195004 58267451 mel_filterbank.cc:137] Missing 10 bands  starting at 0 in mel-frequency design. Perhaps too many channels or not enough frequency resolution in spectrum. (fft_length: 257 sample_rate: 16000 mel_channel_count: 128 lower_frequency_limit: 0 upper_frequency_limit: 8000
W0000 00:00:1785805533.217590 58267496 tasks.cc:490] Failed to get prefill profile summary: INVALID_ARGUMENT: ERROR: [third_party/odml/litert_lm/runtime/executor/llm_litert_compiled_model_executor.cc:1704]
└ ERROR: [./third_party/odml/litert/litert/cc/litert_profiler.h:91]
=== Source Location Trace: ===
./third_party/odml/litert/litert/cc/litert_macros.h:547
W0000 00:00:1785805539.384854 58267496 tasks.cc:672] Failed to get decode profile summary: INVALID_ARGUMENT: ERROR: [third_party/odml/litert_lm/runtime/executor/llm_litert_compiled_model_executor.cc:1704]
└ ERROR: [./third_party/odml/litert/litert/cc/litert_profiler.h:91]
=== Source Location Trace: ===
./third_party/odml/litert/litert/cc/litert_macros.h:547
  q 81/100 OK pred=10 gold=10 gen=754 (6s)
W0000 00:00:1785805539.385759 58267451 mel_filterbank.cc:137] Missing 10 bands  starting at 0 in mel-frequency design. Perhaps too many channels or not enough frequency resolution in spectrum. (fft_length: 257 sample_rate: 16000 mel_channel_count: 128 lower_frequency_limit: 0 upper_frequency_limit: 8000
W0000 00:00:1785805539.407957 58267496 tasks.cc:490] Failed to get prefill profile summary: INVALID_ARGUMENT: ERROR: [third_party/odml/litert_lm/runtime/executor/llm_litert_compiled_model_executor.cc:1704]
└ ERROR: [./third_party/odml/litert/litert/cc/litert_profiler.h:91]
=== Source Location Trace: ===
./third_party/odml/litert/litert/cc/litert_macros.h:547
W0000 00:00:1785805545.040218 58267496 tasks.cc:672] Failed to get decode profile summary: INVALID_ARGUMENT: ERROR: [third_party/odml/litert_lm/runtime/executor/llm_litert_compiled_model_executor.cc:1704]
└ ERROR: [./third_party/odml/litert/litert/cc/litert_profiler.h:91]
=== Source Location Trace: ===
./third_party/odml/litert/litert/cc/litert_macros.h:547
  q 82/100 OK pred=17 gold=17 gen=694 (6s)
W0000 00:00:1785805545.041099 58267451 mel_filterbank.cc:137] Missing 10 bands  starting at 0 in mel-frequency design. Perhaps too many channels or not enough frequency resolution in spectrum. (fft_length: 257 sample_rate: 16000 mel_channel_count: 128 lower_frequency_limit: 0 upper_frequency_limit: 8000
W0000 00:00:1785805545.063139 58267496 tasks.cc:490] Failed to get prefill profile summary: INVALID_ARGUMENT: ERROR: [third_party/odml/litert_lm/runtime/executor/llm_litert_compiled_model_executor.cc:1704]
└ ERROR: [./third_party/odml/litert/litert/cc/litert_profiler.h:91]
=== Source Location Trace: ===
./third_party/odml/litert/litert/cc/litert_macros.h:547
W0000 00:00:1785805549.530890 58267496 tasks.cc:672] Failed to get decode profile summary: INVALID_ARGUMENT: ERROR: [third_party/odml/litert_lm/runtime/executor/llm_litert_compiled_model_executor.cc:1704]
└ ERROR: [./third_party/odml/litert/litert/cc/litert_profiler.h:91]
=== Source Location Trace: ===
./third_party/odml/litert/litert/cc/litert_macros.h:547
  q 83/100 OK pred=623 gold=623 gen=550 (4s)
W0000 00:00:1785805549.531764 58267451 mel_filterbank.cc:137] Missing 10 bands  starting at 0 in mel-frequency design. Perhaps too many channels or not enough frequency resolution in spectrum. (fft_length: 257 sample_rate: 16000 mel_channel_count: 128 lower_frequency_limit: 0 upper_frequency_limit: 8000
W0000 00:00:1785805549.554102 58267496 tasks.cc:490] Failed to get prefill profile summary: INVALID_ARGUMENT: ERROR: [third_party/odml/litert_lm/runtime/executor/llm_litert_compiled_model_executor.cc:1704]
└ ERROR: [./third_party/odml/litert/litert/cc/litert_profiler.h:91]
=== Source Location Trace: ===
./third_party/odml/litert/litert/cc/litert_macros.h:547
W0000 00:00:1785805554.339531 58267496 tasks.cc:672] Failed to get decode profile summary: INVALID_ARGUMENT: ERROR: [third_party/odml/litert_lm/runtime/executor/llm_litert_compiled_model_executor.cc:1704]
└ ERROR: [./third_party/odml/litert/litert/cc/litert_profiler.h:91]
=== Source Location Trace: ===
./third_party/odml/litert/litert/cc/litert_macros.h:547
  q 84/100 OK pred=600 gold=600 gen=584 (5s)
W0000 00:00:1785805554.340501 58267451 mel_filterbank.cc:137] Missing 10 bands  starting at 0 in mel-frequency design. Perhaps too many channels or not enough frequency resolution in spectrum. (fft_length: 257 sample_rate: 16000 mel_channel_count: 128 lower_frequency_limit: 0 upper_frequency_limit: 8000
W0000 00:00:1785805554.362485 58267496 tasks.cc:490] Failed to get prefill profile summary: INVALID_ARGUMENT: ERROR: [third_party/odml/litert_lm/runtime/executor/llm_litert_compiled_model_executor.cc:1704]
└ ERROR: [./third_party/odml/litert/litert/cc/litert_profiler.h:91]
=== Source Location Trace: ===
./third_party/odml/litert/litert/cc/litert_macros.h:547
W0000 00:00:1785805560.798853 58267496 tasks.cc:672] Failed to get decode profile summary: INVALID_ARGUMENT: ERROR: [third_party/odml/litert_lm/runtime/executor/llm_litert_compiled_model_executor.cc:1704]
└ ERROR: [./third_party/odml/litert/litert/cc/litert_profiler.h:91]
=== Source Location Trace: ===
./third_party/odml/litert/litert/cc/litert_macros.h:547
  q 85/100 OK pred=15 gold=15 gen=788 (6s)
W0000 00:00:1785805560.799725 58267451 mel_filterbank.cc:137] Missing 10 bands  starting at 0 in mel-frequency design. Perhaps too many channels or not enough frequency resolution in spectrum. (fft_length: 257 sample_rate: 16000 mel_channel_count: 128 lower_frequency_limit: 0 upper_frequency_limit: 8000
W0000 00:00:1785805560.822432 58267496 tasks.cc:490] Failed to get prefill profile summary: INVALID_ARGUMENT: ERROR: [third_party/odml/litert_lm/runtime/executor/llm_litert_compiled_model_executor.cc:1704]
└ ERROR: [./third_party/odml/litert/litert/cc/litert_profiler.h:91]
=== Source Location Trace: ===
./third_party/odml/litert/litert/cc/litert_macros.h:547
W0000 00:00:1785805566.503065 58267496 tasks.cc:672] Failed to get decode profile summary: INVALID_ARGUMENT: ERROR: [third_party/odml/litert_lm/runtime/executor/llm_litert_compiled_model_executor.cc:1704]
└ ERROR: [./third_party/odml/litert/litert/cc/litert_profiler.h:91]
=== Source Location Trace: ===
./third_party/odml/litert/litert/cc/litert_macros.h:547
  q 86/100 OK pred=44 gold=44 gen=696 (6s)
W0000 00:00:1785805566.503959 58267451 mel_filterbank.cc:137] Missing 10 bands  starting at 0 in mel-frequency design. Perhaps too many channels or not enough frequency resolution in spectrum. (fft_length: 257 sample_rate: 16000 mel_channel_count: 128 lower_frequency_limit: 0 upper_frequency_limit: 8000
W0000 00:00:1785805566.546241 58267496 tasks.cc:490] Failed to get prefill profile summary: INVALID_ARGUMENT: ERROR: [third_party/odml/litert_lm/runtime/executor/llm_litert_compiled_model_executor.cc:1704]
└ ERROR: [./third_party/odml/litert/litert/cc/litert_profiler.h:91]
=== Source Location Trace: ===
./third_party/odml/litert/litert/cc/litert_macros.h:547
W0000 00:00:1785805572.206013 58267496 tasks.cc:672] Failed to get decode profile summary: INVALID_ARGUMENT: ERROR: [third_party/odml/litert_lm/runtime/executor/llm_litert_compiled_model_executor.cc:1704]
└ ERROR: [./third_party/odml/litert/litert/cc/litert_profiler.h:91]
=== Source Location Trace: ===
./third_party/odml/litert/litert/cc/litert_macros.h:547
  q 87/100 OK pred=22 gold=22 gen=692 (6s)
W0000 00:00:1785805572.207102 58267451 mel_filterbank.cc:137] Missing 10 bands  starting at 0 in mel-frequency design. Perhaps too many channels or not enough frequency resolution in spectrum. (fft_length: 257 sample_rate: 16000 mel_channel_count: 128 lower_frequency_limit: 0 upper_frequency_limit: 8000
W0000 00:00:1785805572.230264 58267496 tasks.cc:490] Failed to get prefill profile summary: INVALID_ARGUMENT: ERROR: [third_party/odml/litert_lm/runtime/executor/llm_litert_compiled_model_executor.cc:1704]
└ ERROR: [./third_party/odml/litert/litert/cc/litert_profiler.h:91]
=== Source Location Trace: ===
./third_party/odml/litert/litert/cc/litert_macros.h:547
W0000 00:00:1785805584.213903 58267496 tasks.cc:672] Failed to get decode profile summary: INVALID_ARGUMENT: ERROR: [third_party/odml/litert_lm/runtime/executor/llm_litert_compiled_model_executor.cc:1704]
└ ERROR: [./third_party/odml/litert/litert/cc/litert_profiler.h:91]
=== Source Location Trace: ===
./third_party/odml/litert/litert/cc/litert_macros.h:547
  q 88/100 .. pred=1080 gold=9360 gen=1466 (12s)
W0000 00:00:1785805584.214886 58267451 mel_filterbank.cc:137] Missing 10 bands  starting at 0 in mel-frequency design. Perhaps too many channels or not enough frequency resolution in spectrum. (fft_length: 257 sample_rate: 16000 mel_channel_count: 128 lower_frequency_limit: 0 upper_frequency_limit: 8000
W0000 00:00:1785805584.237029 58267496 tasks.cc:490] Failed to get prefill profile summary: INVALID_ARGUMENT: ERROR: [third_party/odml/litert_lm/runtime/executor/llm_litert_compiled_model_executor.cc:1704]
└ ERROR: [./third_party/odml/litert/litert/cc/litert_profiler.h:91]
=== Source Location Trace: ===
./third_party/odml/litert/litert/cc/litert_macros.h:547
W0000 00:00:1785805590.315481 58267496 tasks.cc:672] Failed to get decode profile summary: INVALID_ARGUMENT: ERROR: [third_party/odml/litert_lm/runtime/executor/llm_litert_compiled_model_executor.cc:1704]
└ ERROR: [./third_party/odml/litert/litert/cc/litert_profiler.h:91]
=== Source Location Trace: ===
./third_party/odml/litert/litert/cc/litert_macros.h:547
  q 89/100 OK pred=8000 gold=8000 gen=749 (6s)
W0000 00:00:1785805590.316391 58267451 mel_filterbank.cc:137] Missing 10 bands  starting at 0 in mel-frequency design. Perhaps too many channels or not enough frequency resolution in spectrum. (fft_length: 257 sample_rate: 16000 mel_channel_count: 128 lower_frequency_limit: 0 upper_frequency_limit: 8000
W0000 00:00:1785805590.338595 58267496 tasks.cc:490] Failed to get prefill profile summary: INVALID_ARGUMENT: ERROR: [third_party/odml/litert_lm/runtime/executor/llm_litert_compiled_model_executor.cc:1704]
└ ERROR: [./third_party/odml/litert/litert/cc/litert_profiler.h:91]
=== Source Location Trace: ===
./third_party/odml/litert/litert/cc/litert_macros.h:547
W0000 00:00:1785805594.795253 58267496 tasks.cc:672] Failed to get decode profile summary: INVALID_ARGUMENT: ERROR: [third_party/odml/litert_lm/runtime/executor/llm_litert_compiled_model_executor.cc:1704]
└ ERROR: [./third_party/odml/litert/litert/cc/litert_profiler.h:91]
=== Source Location Trace: ===
./third_party/odml/litert/litert/cc/litert_macros.h:547
  q 90/100 OK pred=24 gold=24 gen=549 (4s)
W0000 00:00:1785805594.796139 58267451 mel_filterbank.cc:137] Missing 10 bands  starting at 0 in mel-frequency design. Perhaps too many channels or not enough frequency resolution in spectrum. (fft_length: 257 sample_rate: 16000 mel_channel_count: 128 lower_frequency_limit: 0 upper_frequency_limit: 8000
W0000 00:00:1785805594.838130 58267496 tasks.cc:490] Failed to get prefill profile summary: INVALID_ARGUMENT: ERROR: [third_party/odml/litert_lm/runtime/executor/llm_litert_compiled_model_executor.cc:1704]
└ ERROR: [./third_party/odml/litert/litert/cc/litert_profiler.h:91]
=== Source Location Trace: ===
./third_party/odml/litert/litert/cc/litert_macros.h:547
W0000 00:00:1785805600.345672 58267496 tasks.cc:672] Failed to get decode profile summary: INVALID_ARGUMENT: ERROR: [third_party/odml/litert_lm/runtime/executor/llm_litert_compiled_model_executor.cc:1704]
└ ERROR: [./third_party/odml/litert/litert/cc/litert_profiler.h:91]
=== Source Location Trace: ===
./third_party/odml/litert/litert/cc/litert_macros.h:547
  q 91/100 OK pred=225 gold=225 gen=681 (6s)
W0000 00:00:1785805600.346589 58267451 mel_filterbank.cc:137] Missing 10 bands  starting at 0 in mel-frequency design. Perhaps too many channels or not enough frequency resolution in spectrum. (fft_length: 257 sample_rate: 16000 mel_channel_count: 128 lower_frequency_limit: 0 upper_frequency_limit: 8000
W0000 00:00:1785805600.368752 58267496 tasks.cc:490] Failed to get prefill profile summary: INVALID_ARGUMENT: ERROR: [third_party/odml/litert_lm/runtime/executor/llm_litert_compiled_model_executor.cc:1704]
└ ERROR: [./third_party/odml/litert/litert/cc/litert_profiler.h:91]
=== Source Location Trace: ===
./third_party/odml/litert/litert/cc/litert_macros.h:547
W0000 00:00:1785805605.060899 58267496 tasks.cc:672] Failed to get decode profile summary: INVALID_ARGUMENT: ERROR: [third_party/odml/litert_lm/runtime/executor/llm_litert_compiled_model_executor.cc:1704]
└ ERROR: [./third_party/odml/litert/litert/cc/litert_profiler.h:91]
=== Source Location Trace: ===
./third_party/odml/litert/litert/cc/litert_macros.h:547
  q 92/100 OK pred=28 gold=28 gen=583 (5s)
W0000 00:00:1785805605.061824 58267451 mel_filterbank.cc:137] Missing 10 bands  starting at 0 in mel-frequency design. Perhaps too many channels or not enough frequency resolution in spectrum. (fft_length: 257 sample_rate: 16000 mel_channel_count: 128 lower_frequency_limit: 0 upper_frequency_limit: 8000
W0000 00:00:1785805605.084091 58267496 tasks.cc:490] Failed to get prefill profile summary: INVALID_ARGUMENT: ERROR: [third_party/odml/litert_lm/runtime/executor/llm_litert_compiled_model_executor.cc:1704]
└ ERROR: [./third_party/odml/litert/litert/cc/litert_profiler.h:91]
=== Source Location Trace: ===
./third_party/odml/litert/litert/cc/litert_macros.h:547
W0000 00:00:1785805612.006078 58267496 tasks.cc:672] Failed to get decode profile summary: INVALID_ARGUMENT: ERROR: [third_party/odml/litert_lm/runtime/executor/llm_litert_compiled_model_executor.cc:1704]
└ ERROR: [./third_party/odml/litert/litert/cc/litert_profiler.h:91]
=== Source Location Trace: ===
./third_party/odml/litert/litert/cc/litert_macros.h:547
  q 93/100 OK pred=4 gold=4 gen=859 (7s)
W0000 00:00:1785805612.006990 58267451 mel_filterbank.cc:137] Missing 10 bands  starting at 0 in mel-frequency design. Perhaps too many channels or not enough frequency resolution in spectrum. (fft_length: 257 sample_rate: 16000 mel_channel_count: 128 lower_frequency_limit: 0 upper_frequency_limit: 8000
W0000 00:00:1785805612.049194 58267496 tasks.cc:490] Failed to get prefill profile summary: INVALID_ARGUMENT: ERROR: [third_party/odml/litert_lm/runtime/executor/llm_litert_compiled_model_executor.cc:1704]
└ ERROR: [./third_party/odml/litert/litert/cc/litert_profiler.h:91]
=== Source Location Trace: ===
./third_party/odml/litert/litert/cc/litert_macros.h:547
W0000 00:00:1785805618.849965 58267496 tasks.cc:672] Failed to get decode profile summary: INVALID_ARGUMENT: ERROR: [third_party/odml/litert_lm/runtime/executor/llm_litert_compiled_model_executor.cc:1704]
└ ERROR: [./third_party/odml/litert/litert/cc/litert_profiler.h:91]
=== Source Location Trace: ===
./third_party/odml/litert/litert/cc/litert_macros.h:547
  q 94/100 OK pred=36 gold=36 gen=843 (7s)
W0000 00:00:1785805618.850869 58267451 mel_filterbank.cc:137] Missing 10 bands  starting at 0 in mel-frequency design. Perhaps too many channels or not enough frequency resolution in spectrum. (fft_length: 257 sample_rate: 16000 mel_channel_count: 128 lower_frequency_limit: 0 upper_frequency_limit: 8000
W0000 00:00:1785805618.873034 58267496 tasks.cc:490] Failed to get prefill profile summary: INVALID_ARGUMENT: ERROR: [third_party/odml/litert_lm/runtime/executor/llm_litert_compiled_model_executor.cc:1704]
└ ERROR: [./third_party/odml/litert/litert/cc/litert_profiler.h:91]
=== Source Location Trace: ===
./third_party/odml/litert/litert/cc/litert_macros.h:547
W0000 00:00:1785805626.243284 58267496 tasks.cc:672] Failed to get decode profile summary: INVALID_ARGUMENT: ERROR: [third_party/odml/litert_lm/runtime/executor/llm_litert_compiled_model_executor.cc:1704]
└ ERROR: [./third_party/odml/litert/litert/cc/litert_profiler.h:91]
=== Source Location Trace: ===
./third_party/odml/litert/litert/cc/litert_macros.h:547
  q 95/100 OK pred=348 gold=348 gen=914 (7s)
W0000 00:00:1785805626.244244 58267451 mel_filterbank.cc:137] Missing 10 bands  starting at 0 in mel-frequency design. Perhaps too many channels or not enough frequency resolution in spectrum. (fft_length: 257 sample_rate: 16000 mel_channel_count: 128 lower_frequency_limit: 0 upper_frequency_limit: 8000
W0000 00:00:1785805626.266589 58267496 tasks.cc:490] Failed to get prefill profile summary: INVALID_ARGUMENT: ERROR: [third_party/odml/litert_lm/runtime/executor/llm_litert_compiled_model_executor.cc:1704]
└ ERROR: [./third_party/odml/litert/litert/cc/litert_profiler.h:91]
=== Source Location Trace: ===
./third_party/odml/litert/litert/cc/litert_macros.h:547
W0000 00:00:1785805632.925150 58267496 tasks.cc:672] Failed to get decode profile summary: INVALID_ARGUMENT: ERROR: [third_party/odml/litert_lm/runtime/executor/llm_litert_compiled_model_executor.cc:1704]
└ ERROR: [./third_party/odml/litert/litert/cc/litert_profiler.h:91]
=== Source Location Trace: ===
./third_party/odml/litert/litert/cc/litert_macros.h:547
  q 96/100 OK pred=40 gold=40 gen=818 (7s)
W0000 00:00:1785805632.926043 58267451 mel_filterbank.cc:137] Missing 10 bands  starting at 0 in mel-frequency design. Perhaps too many channels or not enough frequency resolution in spectrum. (fft_length: 257 sample_rate: 16000 mel_channel_count: 128 lower_frequency_limit: 0 upper_frequency_limit: 8000
W0000 00:00:1785805632.948357 58267496 tasks.cc:490] Failed to get prefill profile summary: INVALID_ARGUMENT: ERROR: [third_party/odml/litert_lm/runtime/executor/llm_litert_compiled_model_executor.cc:1704]
└ ERROR: [./third_party/odml/litert/litert/cc/litert_profiler.h:91]
=== Source Location Trace: ===
./third_party/odml/litert/litert/cc/litert_macros.h:547
W0000 00:00:1785805637.916988 58267496 tasks.cc:672] Failed to get decode profile summary: INVALID_ARGUMENT: ERROR: [third_party/odml/litert_lm/runtime/executor/llm_litert_compiled_model_executor.cc:1704]
└ ERROR: [./third_party/odml/litert/litert/cc/litert_profiler.h:91]
=== Source Location Trace: ===
./third_party/odml/litert/litert/cc/litert_macros.h:547
  q 97/100 OK pred=3 gold=3 gen=613 (5s)
W0000 00:00:1785805637.917874 58267451 mel_filterbank.cc:137] Missing 10 bands  starting at 0 in mel-frequency design. Perhaps too many channels or not enough frequency resolution in spectrum. (fft_length: 257 sample_rate: 16000 mel_channel_count: 128 lower_frequency_limit: 0 upper_frequency_limit: 8000
W0000 00:00:1785805637.939987 58267496 tasks.cc:490] Failed to get prefill profile summary: INVALID_ARGUMENT: ERROR: [third_party/odml/litert_lm/runtime/executor/llm_litert_compiled_model_executor.cc:1704]
└ ERROR: [./third_party/odml/litert/litert/cc/litert_profiler.h:91]
=== Source Location Trace: ===
./third_party/odml/litert/litert/cc/litert_macros.h:547
W0000 00:00:1785805644.798266 58267496 tasks.cc:672] Failed to get decode profile summary: INVALID_ARGUMENT: ERROR: [third_party/odml/litert_lm/runtime/executor/llm_litert_compiled_model_executor.cc:1704]
└ ERROR: [./third_party/odml/litert/litert/cc/litert_profiler.h:91]
=== Source Location Trace: ===
./third_party/odml/litert/litert/cc/litert_macros.h:547
  q 98/100 OK pred=12 gold=12 gen=839 (7s)
W0000 00:00:1785805644.799199 58267451 mel_filterbank.cc:137] Missing 10 bands  starting at 0 in mel-frequency design. Perhaps too many channels or not enough frequency resolution in spectrum. (fft_length: 257 sample_rate: 16000 mel_channel_count: 128 lower_frequency_limit: 0 upper_frequency_limit: 8000
W0000 00:00:1785805644.841257 58267496 tasks.cc:490] Failed to get prefill profile summary: INVALID_ARGUMENT: ERROR: [third_party/odml/litert_lm/runtime/executor/llm_litert_compiled_model_executor.cc:1704]
└ ERROR: [./third_party/odml/litert/litert/cc/litert_profiler.h:91]
=== Source Location Trace: ===
./third_party/odml/litert/litert/cc/litert_macros.h:547
W0000 00:00:1785805658.834624 58267496 tasks.cc:672] Failed to get decode profile summary: INVALID_ARGUMENT: ERROR: [third_party/odml/litert_lm/runtime/executor/llm_litert_compiled_model_executor.cc:1704]
└ ERROR: [./third_party/odml/litert/litert/cc/litert_profiler.h:91]
=== Source Location Trace: ===
./third_party/odml/litert/litert/cc/litert_macros.h:547
  q 99/100 OK pred=5 gold=5 gen=1665 (14s)
W0000 00:00:1785805658.835861 58267451 mel_filterbank.cc:137] Missing 10 bands  starting at 0 in mel-frequency design. Perhaps too many channels or not enough frequency resolution in spectrum. (fft_length: 257 sample_rate: 16000 mel_channel_count: 128 lower_frequency_limit: 0 upper_frequency_limit: 8000
W0000 00:00:1785805658.860624 58267496 tasks.cc:490] Failed to get prefill profile summary: INVALID_ARGUMENT: ERROR: [third_party/odml/litert_lm/runtime/executor/llm_litert_compiled_model_executor.cc:1704]
└ ERROR: [./third_party/odml/litert/litert/cc/litert_profiler.h:91]
=== Source Location Trace: ===
./third_party/odml/litert/litert/cc/litert_macros.h:547
W0000 00:00:1785805666.443605 58267496 tasks.cc:672] Failed to get decode profile summary: INVALID_ARGUMENT: ERROR: [third_party/odml/litert_lm/runtime/executor/llm_litert_compiled_model_executor.cc:1704]
└ ERROR: [./third_party/odml/litert/litert/cc/litert_profiler.h:91]
=== Source Location Trace: ===
./third_party/odml/litert/litert/cc/litert_macros.h:547
  q 100/100 OK pred=58 gold=58 gen=876 (8s)
  gen-tokens: median 812 mean 887 max 2048  decode median 123.2 tok/s
== litert-gemma4-e2b-pip015gpu-thinking: 92/100 = 92.0%   (723s)
   wrote /Users/majimadaisuke/Downloads/ios-llm-benchmark/results/quality/gsm8k_litert-gemma4-e2b-pip015gpu-thinking.json
I0000 00:00:1785805666.463218 58267451 delegate_webgpu.cc:320] Destroyed the WebGPU environment.
INFO: [accelerator_registry.cc:43] DestroyAccelerator: ptr=0x103bc6dc0, name=CpuAccelerator
INFO: [accelerator_registry.cc:43] DestroyAccelerator: ptr=0x103bc3820, name=GPU WebGPU
INFO: [accelerator_registry.cc:43] DestroyAccelerator: ptr=0x7565cf8a00, name=CpuAccelerator
INFO: [accelerator_registry.cc:43] DestroyAccelerator: ptr=0x7565cf8a50, name=GPU WebGPU
